"Y","X1","X2","X3","X4","X5"
5,0.422446784097701,0.971882796380669,0.53363644448109,0.0582286159042269,0.912142771296203
2,0.382487383903936,0.5079425573349,0.950424684910104,0.174120439449325,0.551095335744321
4,0.742814801400527,0.789893801091239,0.374024902237579,0.32058507273905,0.286143462406471
6,0.905308841262013,0.0937781475950032,0.552340254886076,0.90909802285023,0.836522786878049
7,0.557285207789391,0.567501510260627,0.552204920211807,0.988463937537745,0.98908883985132
3,0.708192074904218,0.949947770452127,0.151379722403362,0.110028804279864,0.491538553265855
2,0.547922249417752,0.835358614102006,0.242528420174494,0.908562051830813,0.180606555659324
1,0.262783069396392,0.214829274686053,0.468023183755577,0.839836992090568,0.00494145136326551
13,0.886887723812833,0.567712885793298,0.657571897609159,0.311463628197089,0.879461288684979
3,0.279255997622386,0.168645542347804,0.441678985953331,0.164778485661373,0.623769887490198
4,0.537072444800287,0.693228598218411,0.250197752844542,0.593582362402231,0.85103825875558
4,0.925672894343734,0.139264420839027,0.201843567658216,0.688957582693547,0.431915997061878
12,0.775638974271715,0.361321426462382,0.948676694650203,0.00903489883057773,0.797776492312551
3,0.143474604701623,0.469792897580191,0.836443351348862,0.128852761816233,0.760195766342804
4,0.582177173811942,0.555608162423596,0.17344355629757,0.203698104713112,0.677607373567298
6,0.847233465872705,0.631465540500358,0.381795978872105,0.147122381720692,0.205105928238481
3,0.237429055385292,0.363575413124636,0.336585763841867,0.128773611271754,0.682023310801014
0,0.310903009958565,0.434733321191743,0.104013251606375,0.146086215274408,0.164932979270816
10,0.80588493659161,0.179051752202213,0.566729943268001,0.0107596234884113,0.788945707725361
4,0.878177949925885,0.573421723442152,0.290548630990088,0.656980135012418,0.844634579727426
0,0.00697376811876893,0.969719732180238,0.0174608964007348,0.26258131954819,0.988293719943613
3,0.53611993836239,0.432582588167861,0.0668992106802762,0.733171857427806,0.37388651072979
11,0.922014905372635,0.446602894226089,0.961295285727829,0.894801086746156,0.232483741128817
3,0.25288544385694,0.0987061199266464,0.780485196970403,0.838072525337338,0.434242758667096
14,0.94088450470008,0.227700411807746,0.563125717220828,0.696055856533349,0.446742116706446
7,0.480862326454371,0.510820253985003,0.525368654401973,0.244031214620918,0.662170008057728
4,0.466597094899043,0.337615640833974,0.737517769448459,0.00359238963574171,0.641589827137068
7,0.856146625243127,0.7052084247116,0.738263548584655,0.552096269326285,0.926139384508133
0,0.0915614268742502,0.772863908670843,0.335820548702031,0.489512355765328,0.429703854257241
5,0.703275742707774,0.329339083051309,0.895023609511554,0.509724964620546,0.336313299601898
2,0.20148149644956,0.674207990523428,0.484457202954218,0.0922847311012447,0.471420929534361
7,0.891434197779745,0.310255110030994,0.188650265103206,0.539005041122437,0.230164681794122
4,0.386153153609484,0.151691520353779,0.790151209570467,0.782539764419198,0.41737108794041
0,0.0581546139437705,0.815236079739407,0.0429554851725698,0.994115889072418,0.58772068307735
6,0.827914495952427,0.346666213590652,0.35734049952589,0.968785539967939,0.51363902259618
6,0.64629357564263,0.52785762026906,0.539561583427712,0.672012171475217,0.769070934969932
0,0.31633252534084,0.818686067825183,0.432483877055347,0.305008060066029,0.953246932011098
3,0.467371721053496,0.530910926871002,0.627280369866639,0.508758533513173,0.446297531947494
11,0.88522941339761,0.4920205315575,0.548312401864678,0.653693495551124,0.653430741280317
3,0.5077114244923,0.155130936065689,0.00926281977444887,0.236882510595024,0.782268231268972
0,0.173232828034088,0.293920833384618,0.0185557208023965,0.899229867151007,0.748692493187264
2,0.468242449918762,0.86172150215134,0.543823330663145,0.750633865129203,0.0883336267434061
1,0.00371609744615853,0.894294283585623,0.459141819505021,0.857496682321653,0.312690105522051
10,0.984870010986924,0.241807288024575,0.865876225521788,0.799531186465174,0.393044946249574
11,0.631783880759031,0.0541043551638722,0.507875618059188,0.970906777540222,0.8096442327369
9,0.6426701170858,0.258624532725662,0.771008758572862,0.327840274665505,0.292003212263808
2,0.278747769538313,0.941988140111789,0.226495233364403,0.482908360194415,0.647988656070083
6,0.764749788912013,0.40648816106841,0.288736764341593,0.658002567477524,0.88342915661633
5,0.744273526826873,0.262372304452583,0.0925836302340031,0.837677599163726,0.71483970596455
1,0.249373999657109,0.501728728646412,0.0949742719531059,0.00714313751086593,0.270512269809842
1,0.415732814231887,0.818769111763686,0.293220463441685,0.308869519503787,0.541766710579395
6,0.601270583691075,0.0737619001884013,0.347037974046543,0.596759624546394,0.523000499932095
18,0.793912844033912,0.229486253112555,0.668313075788319,0.436935722595081,0.834760522469878
5,0.477001811610535,0.0911788456141949,0.129773849155754,0.130887798033655,0.763618507888168
8,0.645512042334303,0.0771285560913384,0.793428401229903,0.332478934200481,0.692076535429806
3,0.404114820761606,0.871209423756227,0.87250366481021,0.643346407916397,0.433007891755551
6,0.547810728196055,0.181361095281318,0.47338914591819,0.600180241512135,0.202661878429353
0,0.028862792532891,0.417168797925115,0.364169258158654,0.492333612404764,0.886153712170199
0,0.0316191916354001,0.377534949919209,0.269607993541285,0.660755327902734,0.422301635378972
4,0.734274535207078,0.526435175910592,0.463069697609171,0.259059376316145,0.063837317051366
2,0.469832425937057,0.638315275777131,0.321352300234139,0.127154760761186,0.74460336798802
1,0.581716697197407,0.999955137725919,0.171241325791925,0.55587560380809,0.683072694810107
5,0.799876753706485,0.101802748627961,0.0279748833272606,0.674399897223338,0.257149853277951
3,0.418244408676401,0.831154664745554,0.927115562139079,0.20118589932099,0.172009196598083
4,0.517321790801361,0.602692967513576,0.722303375834599,0.0532317729666829,0.0148267741315067
1,0.363193061901256,0.875117426039651,0.707218450959772,0.589507272001356,0.76356525789015
3,0.265601470600814,0.289666995406151,0.208794234786183,0.130602427292615,0.169837157707661
3,0.35687977867201,0.265183182433248,0.581457455409691,0.944409129675478,0.91373450960964
6,0.217927308985963,0.201052388641983,0.316008815309033,0.49226248706691,0.486054936889559
5,0.335262439446524,0.609152949880809,0.894392550224438,0.187221952248365,0.49914156482555
3,0.140005073742941,0.0350816284772009,0.805619002319872,0.922565150540322,0.932282618479803
0,0.173822578042746,0.894251050660387,0.962094441987574,0.762740683974698,0.597777789691463
0,0.0887155816890299,0.992626074468717,0.183043166995049,0.374284312827513,0.79904720839113
10,0.967542030615732,0.470112449256703,0.338979258900508,0.474423534004018,0.402379224775359
0,0.218053884105757,0.554544273763895,0.319086781237274,0.775218170369044,0.36012527323328
4,0.698918058769777,0.546627627918497,0.380883046193048,0.679196148179471,0.98911338695325
18,0.934461816679686,0.681632345775142,0.960575812030584,0.130118177970871,0.790706808445975
10,0.63141291635111,0.0568755238782614,0.883336445083842,0.895089858910069,0.0563039593398571
9,0.93764213565737,0.567049506120384,0.294614639133215,0.270159845938906,0.886107374448329
9,0.854389572981745,0.104806085117161,0.0639092763885856,0.820355467265472,0.988533772761002
18,0.992894914234057,0.410469464724883,0.474824445089325,0.0741137706208974,0.745801889104769
12,0.776297596050426,0.122567349346355,0.598041798686609,0.371120925992727,0.512783109676093
0,0.351059493143111,0.348811675328761,0.000401636585593224,0.992104364791885,0.57267858623527
1,0.214534101542085,0.861984496703371,0.0335478237830102,0.492285629501566,0.134757785592228
0,0.360296493396163,0.724557274952531,0.147833798080683,0.42207421688363,0.958061802666634
4,0.527411536313593,0.405449423007667,0.84569835360162,0.632555322255939,0.264806916937232
1,0.0392552528064698,0.0976725267246366,0.176719207549468,0.399018994066864,0.0835588038899004
1,0.408424160443246,0.893450449453667,0.554301437456161,0.407610947731882,0.788312650518492
6,0.999561021337286,0.660892336862162,0.154310672311112,0.568827227456495,0.325625851750374
5,0.581486170645803,0.574945711530745,0.0320698900613934,0.584637101273984,0.281073896447197
3,0.241874956293032,0.465719359694049,0.533480820246041,0.0631782538257539,0.741544709773734
16,0.939712943974882,0.0168205928057432,0.0103081474080682,0.198140517110005,0.941079808631912
10,0.995225399499759,0.78593684383668,0.185660480288789,0.890081900404766,0.843216513749212
6,0.4257872835733,0.630229247966781,0.543740407098085,0.225625390186906,0.815074888290837
0,0.401756013743579,0.223295395029709,0.0180195153225213,0.444982197135687,0.11339817289263
1,0.295436763204634,0.794446013867855,0.309725451283157,0.345456182723865,0.908274105982855
2,0.390275736572221,0.199455019552261,0.515410367399454,0.442153618903831,0.556360081071034
7,0.927925813477486,0.959817163413391,0.770538355223835,0.108944430481642,0.0593188053462654
7,0.709879844449461,0.236457666615024,0.798651739023626,0.00598603510297835,0.00524747045710683
5,0.762611665995792,0.555170031497255,0.386796935927123,0.0891497079282999,0.230257275281474
10,0.983730467502028,0.344736389582977,0.250094395363703,0.594664813950658,0.645492240553722
0,0.139979748986661,0.781740174395964,0.548500031000003,0.715098002692685,0.344197788042948
8,0.694572726730257,0.494455908192322,0.927334274630994,0.922935880022123,0.341302954591811
8,0.97226781072095,0.767004390014336,0.0928975141141564,0.682524228701368,0.734997273655608
13,0.887808809289709,0.234110990306363,0.230641660280526,0.615063534816727,0.398761508986354
1,0.664710223907605,0.616879377048463,0.0371092481072992,0.984614702640101,0.595729170599952
5,0.285976866958663,0.0306204771623015,0.727484334027395,0.439634263049811,0.62942540156655
2,0.170134013984352,0.483156758127734,0.682908106828108,0.761527107330039,0.671240464784205
3,0.831348451785743,0.809939935337752,0.769132370594889,0.883693716488779,0.451019096421078
1,0.00621223426423967,0.207556269830093,0.43192067136988,0.384606541367248,0.00502609554678202
1,0.508266268065199,0.601800651056692,0.224376590689644,0.101219695061445,0.293755185091868
1,0.101453802548349,0.28170070447959,0.926686592632905,0.438727716915309,0.788441115058959
5,0.803487546276301,0.702654452528805,0.504111382411793,0.703724476974458,0.598622193327174
2,0.42695303237997,0.27294959477149,0.192532014567405,0.124763644766062,0.358341798884794
6,0.646863428177312,0.730843476718292,0.626000247197226,0.609584021149203,0.136653784662485
7,0.358503572642803,0.339202557690442,0.715404887218028,0.71021350636147,0.493053308455274
3,0.448900701245293,0.525724354200065,0.125970750115812,0.358201229479164,0.518201286671683
2,0.166940684197471,0.272151706041768,0.430501296417788,0.809793874388561,0.352976454421878
10,0.925474371295422,0.604268274735659,0.638339121825993,0.8936573904939,0.910636940738186
10,0.865619270363823,0.308426966890693,0.0466932696290314,0.381374052260071,0.636548049747944
3,0.319412825629115,0.00898258690722287,0.092773410025984,0.425137410406023,0.235259540146217
5,0.583966529695317,0.577126980992034,0.887492380803451,0.0666703975293785,0.372056145453826
7,0.961753064068034,0.446462843334302,0.638624415965751,0.76428085542284,0.494220683351159
1,0.100626968080178,0.0987470955587924,0.178111244691536,0.575161171145737,0.165274793049321
4,0.449316936312243,0.711698689265177,0.778560266830027,0.329766105860472,0.610188627848402
2,0.309170186752453,0.576659685699269,0.535763891180977,0.611607146216556,0.296030349796638
1,0.138634747127071,0.318576439283788,0.713564459932968,0.82489099772647,0.215617039939389
3,0.441165305906907,0.923077325103804,0.65899425954558,0.242194677470252,0.725213251076639
4,0.996120063122362,0.630162606015801,0.364421324338764,0.490804161177948,0.320397598668933
0,0.101089689647779,0.8699509894941,0.306428864831105,0.8510877112858,0.159417679999024
7,0.775332919554785,0.683556271949783,0.888648331630975,0.584525373298675,0.756099390098825
2,0.117401507450268,0.363073755986989,0.454127894714475,0.445754963438958,0.501514947041869
2,0.438468198757619,0.909213229315355,0.989503417629749,0.41379906446673,0.388013685820624
16,0.981316158780828,0.108549858210608,0.655970410676673,0.560528490692377,0.0638099247589707
5,0.26634986884892,0.0570945388171822,0.226975542260334,0.0942447590641677,0.750954065471888
6,0.751510865055025,0.409773293882608,0.238496217411011,0.992306001018733,0.440800168318674
2,0.78816925524734,0.471646783174947,0.0893745610956103,0.917876093182713,0.697773031424731
2,0.778351965360343,0.919970689108595,0.525063734035939,0.150482616387308,0.613129939651117
11,0.887873336905614,0.561611057724804,0.215849293163046,0.729688494466245,0.0194750528316945
0,0.323552868328989,0.801170103019103,0.657895359676331,0.70433414215222,0.0495318812318146
8,0.840447667054832,0.797658949391916,0.520342517411336,0.93707120209001,0.510590141173452
1,0.172457998152822,0.633993209339678,0.980890909675509,0.986067809164524,0.864631473785266
0,0.163285186747089,0.242532209958881,0.376574012450874,0.146917160833254,0.884606998879462
18,0.994045675499365,0.902468966320157,0.869640425080433,0.0542277707718313,0.774204028537497
3,0.889781126054004,0.840692750178277,0.191505569033325,0.875161332311109,0.758259520865977
0,0.0304517659824342,0.726507937535644,0.0629474536981434,0.624527683947235,0.406636817147955
6,0.681237085489556,0.0464892645832151,0.734048188431188,0.883279141969979,0.639210423221812
5,0.169632863486186,0.105188769754022,0.669600086985156,0.527613045182079,0.501885791774839
10,0.9772043004632,0.908408165210858,0.340327047975734,0.655096299014986,0.43416322232224
8,0.731435418827459,0.279699514852837,0.231753016356379,0.267902344698086,0.27731232973747
24,0.993954837322235,0.0925659213680774,0.791851606452838,0.591139865573496,0.209045513300225
12,0.892446317942813,0.2120727871079,0.279500872362405,0.415623697452247,0.0415527962613851
0,0.116257753688842,0.769349390640855,0.11103292950429,0.936556451953948,0.225247645983472
14,0.98400289658457,0.407329353969544,0.459790251450613,0.0407698235940188,0.780380590353161
2,0.339942601276562,0.70364814857021,0.592458291444927,0.810095408931375,0.697004751302302
1,0.684088056208566,0.951131319161505,0.757018052041531,0.538130721542984,0.424925567116588
4,0.804168468574062,0.37581674545072,0.291052717948332,0.902130643138662,0.915496848523617
12,0.733742844779044,0.129247156670317,0.396343453554437,0.0426899900194257,0.768688608659431
2,0.327996681211516,0.614659812999889,0.931517452001572,0.0326565324794501,0.409017734928057
0,0.175344465533271,0.618014340754598,0.252144713886082,0.327184446854517,0.048335692146793
1,0.333647193387151,0.947095609270036,0.715007609920576,0.566399930277839,0.737545106094331
3,0.462942897807807,0.983380949124694,0.325990041019395,0.243349010823295,0.874660160159692
2,0.595401246333495,0.710285137640312,0.0408984920941293,0.561267341021448,0.604244331596419
5,0.23758645914495,0.70671695843339,0.369850106537342,0.286642784252763,0.879792060004547
8,0.813049680320546,0.273787281243131,0.395245278719813,0.504058153135702,0.764087001327425
6,0.461130269104615,0.0659626675769687,0.292958345497027,0.142267790390179,0.216313816141337
2,0.508312938269228,0.343373933574185,0.947931054281071,0.651938241207972,0.352285207482055
2,0.515128599479795,0.511994979577139,0.678695275913924,0.879900798900053,0.588097007246688
3,0.996279226848856,0.759796310216188,0.405878397403285,0.582515929825604,0.739568535005674
5,0.741306782932952,0.661323130363598,0.683490431634709,0.401083592092618,0.861771946540102
0,0.00107569550164044,0.803227949421853,0.404206635663286,0.338994669727981,0.508363577537239
1,0.162478076294065,0.809468192979693,0.727717749541625,0.535741834202781,0.982196532422677
2,0.211740163853392,0.466681989841163,0.479125820565969,0.998299195664003,0.657289088470861
0,0.0626599488314241,0.763169612269849,0.458300675731152,0.241936931153759,0.0461646812036633
0,0.27618119539693,0.778962092939764,0.754262167727575,0.465370178921148,0.886024124687538
7,0.744452531449497,0.7447793725878,0.79632306098938,0.442867709323764,0.727238674648106
0,0.138475847663358,0.798031345242634,0.0478815454989672,0.463334989035502,0.399248576723039
5,0.509827707195655,0.194930446799845,0.715392073616385,0.46643996424973,0.573605709010735
4,0.827937867725268,0.791733445599675,0.269596447935328,0.68486747937277,0.97849559574388
6,0.394798462977633,0.00799712585285306,0.151053434470668,0.0868712742812932,0.3877917539794
0,0.282332986360416,0.605378139298409,0.657734835986048,0.179576055612415,0.255691128550097
4,0.650742644211277,0.0112026068381965,0.572194936452433,0.22000786033459,0.114376870449632
2,0.729867305373773,0.459887519013137,0.0445291739888489,0.126993609825149,0.00339016225188971
18,0.986971678212285,0.524398240959272,0.930377920623869,0.844990195007995,0.611455365549773
5,0.629522311734036,0.481870922725648,0.584712946787477,0.63529271655716,0.999073396902531
1,0.321591312531382,0.968125342624262,0.917975356103852,0.7652198956348,0.777070640819147
17,0.864508322207257,0.266333060804754,0.980606005527079,0.445045545697212,0.20085726538673
1,0.362998528173193,0.154422583989799,0.452701422153041,0.524247555062175,0.772448836127296
5,0.834809310734272,0.73770132730715,0.278684263117611,0.780105880228803,0.273592862300575
16,0.834428820759058,0.553999493131414,0.627787118544802,0.252213371684775,0.832204140722752
7,0.887902911752462,0.847744155442342,0.860033160075545,0.703919388353825,0.0358790359459817
5,0.923138099256903,0.511926748324186,0.293406610842794,0.122329205274582,0.0699755523819476
6,0.283578104572371,0.15380801144056,0.441497506340966,0.983427464496344,0.326678466284648
8,0.647069954778999,0.134420724585652,0.690916330320761,0.278532554628327,0.474587880540639
1,0.337932472582906,0.698781854938716,0.445854005403817,0.442210741573945,0.732563416240737
2,0.367030870867893,0.447021039202809,0.833176528802142,0.0228149029426277,0.982195956166834
4,0.278191269841045,0.851487603969872,0.800576569046825,0.499566857237369,0.270978680811822
3,0.36434212885797,0.288391042500734,0.151529067195952,0.115289245964959,0.74818316847086
11,0.980465351138264,0.836540509248152,0.839522779453546,0.266815480543301,0.585348254302517
5,0.366464090533555,0.351632673060521,0.962629247456789,0.563531800173223,0.520739661762491
9,0.860801074886695,0.639973366633058,0.234988172538579,0.104089960455894,0.41717614303343
3,0.37436309712939,0.895496800774708,0.252009043237194,0.344221448292956,0.34577904175967
0,0.698600376723334,0.89701558323577,0.0776400535833091,0.771195993525907,0.0201161804143339
2,0.0765514022205025,0.613196869846433,0.324222027091309,0.584586228709668,0.883529854239896
1,0.29844923154451,0.864131308393553,0.00722142681479454,0.481793479993939,0.76043984037824
1,0.279639630345628,0.955849532503635,0.394559093751013,0.00203673588111997,0.71562835527584
3,0.583558563841507,0.992887411266565,0.634304703911766,0.0818622447550297,0.78667082125321
2,0.177369275828823,0.377686132211238,0.357593297725543,0.105282473377883,0.425616259453818
1,0.264944512397051,0.195069591281936,0.431401303038001,0.836981627158821,0.692469085101038
2,0.61511743394658,0.371071175904945,0.99269404169172,0.831765386508778,0.774296558229253
13,0.970176176633686,0.312748831929639,0.803587256697938,0.736418286105618,0.345940454397351
4,0.624102511676028,0.548683845903724,0.911407802021131,0.409802970243618,0.302898006979376
5,0.729172616731375,0.698830244364217,0.754500097129494,0.3895443524234,0.226053032325581
5,0.567616472253576,0.266919954214245,0.238145635696128,0.288190079154447,0.906384019413963
5,0.809115579118952,0.0292573953047395,0.49886717251502,0.864261573879048,0.546071827644482
4,0.397435190156102,0.269840671215206,0.717940455768257,0.781385292764753,0.38757220399566
6,0.65197885571979,0.0178910056129098,0.207737795310095,0.324802303453907,0.756478672614321
5,0.662509478861466,0.784339639125392,0.693619741825387,0.40772993885912,0.123064308427274
0,0.0168006287422031,0.74679466499947,0.39007753552869,0.657302489969879,0.260464625665918
1,0.303027172572911,0.648588652955368,0.921113995602354,0.691218516323715,0.422335391864181
1,0.0882767648436129,0.619370879372582,0.795117577770725,0.38966182176955,0.503120928769931
4,0.347418792080134,0.512955122627318,0.506542913150042,0.0319810083601624,0.398169771069661
7,0.9022344017867,0.647009088890627,0.911385998362675,0.506779346847907,0.123438626062125
1,0.526811964344233,0.484655098058283,0.273548729484901,0.548857069807127,0.97956181759946
3,0.603047167416662,0.149449833203107,0.0172085508238524,0.227028135908768,0.19450055831112
2,0.0593700369354337,0.290742501150817,0.29982994380407,0.0519477813504636,0.164925727294758
3,0.551691932370886,0.389672728488222,0.240052571287379,0.614447455853224,0.482980156084523
4,0.183541870908812,0.873810678720474,0.809082248946652,0.174268939998001,0.570373212220147
1,0.499346739379689,0.111656710272655,0.362876503029838,0.373665330931544,0.2342317069415
4,0.0459181843325496,0.563785096630454,0.640394368441775,0.0329027283005416,0.711630259640515
9,0.997445099754259,0.0588378689717501,0.166725680697709,0.622818624135107,0.399938831105828
0,0.449303155997768,0.608574187150225,0.616418945835903,0.918694419553503,0.474758258555084
7,0.726522056851536,0.505413678009063,0.836375264683738,0.0100492981728166,0.214606216177344
3,0.288821116788313,0.809969352558255,0.481757518369704,0.593108631204814,0.574208665871993
6,0.691574211698025,0.31402409914881,0.401960404822603,0.506073729367927,0.957595038926229
5,0.556349709164351,0.186671077739447,0.618948115268722,0.38564175949432,0.484379610279575
4,0.732840935932472,0.477157793007791,0.909759933594614,0.126846122788265,0.230152910575271
0,0.0888906782492995,0.2463446657639,0.162467503687367,0.169732929905877,0.674053092254326
3,0.361696483334526,0.191900932928547,0.382750898366794,0.450536988675594,0.555723694618791
6,0.680789372650906,0.295662393094972,0.238800594583154,0.981181768001989,0.867640241980553
2,0.20777348219417,0.892116918228567,0.857810124522075,0.158636767650023,0.441900981590152
3,0.359166813548654,0.854204610222951,0.207475071772933,0.277241883333772,0.593454794259742
4,0.444519129581749,0.972298746928573,0.938475286355242,0.0290594520047307,0.297396682668477
3,0.459433605195954,0.348727168049663,0.23159173480235,0.21107496926561,0.830017715226859
1,0.365284710889682,0.489385138498619,0.185990644153208,0.503246323438361,0.721659183967859
4,0.747313383035362,0.895339399343356,0.934403349412605,0.581524341134354,0.443193056620657
4,0.587118062190711,0.515801063971594,0.132790352683514,0.145482640014961,0.695253657177091
2,0.531814744696021,0.0110223200172186,0.071949623292312,0.835754324682057,0.759847790235654
5,0.783686494687572,0.658434242708609,0.391012190375477,0.501011002575979,0.82520460896194
6,0.611253006150946,0.840180049650371,0.188155528157949,0.597767278552055,0.233310527168214
2,0.455668960232288,0.318168639903888,0.423670957796276,0.887217547977343,0.44207771262154
5,0.401087896199897,0.600844054948539,0.734774528071284,0.423542838310823,0.478874795138836
9,0.848793272161856,0.495884642470628,0.968402656493708,0.0373819821979851,0.862356276018545
5,0.669339117594063,0.141035133972764,0.64302633353509,0.351466569583863,0.841313462937251
5,0.895383857190609,0.809678374091163,0.231323078507558,0.21721668750979,0.52745291381143
8,0.738017100375146,0.229781677480787,0.784944787388667,0.967363039497286,0.932801274582744
6,0.7164814514108,0.109288383740932,0.669883001362905,0.92253294098191,0.648154100868851
5,0.85639338591136,0.633000873494893,0.555820477427915,0.463145410409197,0.386024398496374
2,0.754337416263297,0.474823953583837,0.011508378200233,0.169021588517353,0.598015541909263
5,0.353339797118679,0.722993137547746,0.942271082429215,0.197998633841053,0.442048242781311
5,0.319619001587853,0.137791030108929,0.870560657931492,0.207015465945005,0.692054859828204
7,0.835870111361146,0.510884399758652,0.456287300679833,0.256418653065339,0.312123178038746
2,0.295518229715526,0.564498300896958,0.484476514393464,0.860947199631482,0.448133118450642
0,0.202418070053682,0.536707860184833,0.243062105262652,0.956167831551284,0.270610245177522
0,0.216784026939422,0.842403274029493,0.243589076213539,0.643680927809328,0.355560840805992
2,0.24202423193492,0.0173704985063523,0.808100258000195,0.718932178337127,0.896319254534319
5,0.329031748697162,0.168441839748994,0.439190415665507,0.986497722100466,0.274800564860925
1,0.235606455476955,0.390328849200159,0.60864580469206,0.144635622156784,0.0271665793843567
5,0.457066317088902,0.363313768757507,0.642034694552422,0.855896048713475,0.491658996324986
0,0.325922716641799,0.968182406155393,0.0594580590259284,0.670597863150761,0.535740078194067
3,0.250515229767188,0.690789291169494,0.242542121559381,0.835083062527701,0.213892805157229
14,0.968202279880643,0.0799487049225718,0.858295745681971,0.0915718846954405,0.614502815762535
3,0.53314364515245,0.202307654777542,0.559598996071145,0.229146708268672,0.0209181839600205
2,0.390727263642475,0.220354702323675,0.259427627781406,0.645831083646044,0.987302362686023
1,0.176095037255436,0.906185709871352,0.416421351255849,0.620670035714284,0.434782654745504
1,0.382592557929456,0.927960178349167,0.234288325533271,0.873268621042371,0.444291722727939
2,0.296641468070447,0.218765080906451,0.663464648649096,0.100306078558788,0.702371374703944
4,0.841081688413396,0.290086384397,0.441424795193598,0.819015337154269,0.467740644002333
3,0.246252701152116,0.243365739937872,0.957310701953247,0.681864426471293,0.250515487976372
4,0.973760191351175,0.840155059471726,0.0684723649173975,0.0657248524948955,0.208435885375366
6,0.569047461496666,0.0432668335270137,0.752675110241398,0.744559914804995,0.9704972920008
5,0.234586003003642,0.839799012523144,0.995061681373045,0.502637976547703,0.293364391895011
0,0.334463844075799,0.595391890965402,0.189496426144615,0.996419845148921,0.908806823194027
1,0.1788107722532,0.815856323577464,0.741703438106924,0.801079286262393,0.892261560773477
1,0.259532581316307,0.40730326413177,0.324658803408965,0.877437750343233,0.0673151197843254
0,0.177104453090578,0.965089805657044,0.803535423707217,0.60744648007676,0.249244773294777
1,0.332302516093478,0.610857375897467,0.239119868027046,0.602871911367401,0.0432572213467211
1,0.55526413815096,0.787775320932269,0.229565582005307,0.535845526726916,0.130566188134253
2,0.811024202033877,0.867772075813264,0.906971423653886,0.118582596536726,0.0114640782121569
7,0.518434196710587,0.423599417088553,0.462524637579918,0.0254761034157127,0.959634022088721
4,0.640185358002782,0.695153484586626,0.902275928994641,0.74678362137638,0.083524163113907
8,0.790276045678183,0.0948882391676307,0.757925603305921,0.752729610772803,0.774407161399722
3,0.935553186573088,0.315526273334399,0.14196084626019,0.702104873023927,0.485807907767594
3,0.300577410729602,0.080497374990955,0.898023302899674,0.130421546986327,0.0596007462590933
3,0.321285600308329,0.0703904670663178,0.0610920975450426,0.509368961676955,0.343839223496616
13,0.786881356500089,0.353275937028229,0.618088718270883,0.593280334724113,0.949594285571948
1,0.299928787397221,0.873189803212881,0.344921951415017,0.490725062554702,0.269537256099284
4,0.742394488537684,0.841309044044465,0.411740081384778,0.316121699288487,0.280634001595899
2,0.54491046234034,0.907934460556135,0.315556887537241,0.345210941275582,0.77873031119816
0,0.0274517694488168,0.0133228423073888,0.160610004561022,0.970956539502367,0.59409775910899
1,0.0266271037980914,0.565819141920656,0.407185756368563,0.426731200655922,0.653929628431797
16,0.884600637713447,0.444314102409407,0.892671523150057,0.200367156881839,0.256495815934613
4,0.826055936748162,0.154519726056606,0.154573466163129,0.915455536684021,0.728032407816499
4,0.392440801020712,0.33514267578721,0.972500005038455,0.476742621744052,0.959850439568982
9,0.712008542614058,0.0216434344183654,0.743561915587634,0.547989913495257,0.261680226074532
10,0.908732617506757,0.414343910524622,0.211224747123197,0.880528939887881,0.960396462585777
0,0.177212818525732,0.981828766176477,0.765169630292803,0.921059143962339,0.999445588327944
10,0.635256301146001,0.232054620515555,0.736200133804232,0.810686235548928,0.969737866427749
4,0.828499763039872,0.968297879211605,0.838910089805722,0.550543113611639,0.118866770761088
1,0.442757671233267,0.952471247175708,0.177010101499036,0.102833568817005,0.442987106274813
3,0.35153990983963,0.0665586800314486,0.493638241663575,0.734565777005628,0.651999642606825
1,0.390933368820697,0.264509088825434,0.115966741926968,0.0388294814620167,0.159186149481684
13,0.960557643556967,0.286015720106661,0.194274597801268,0.794800363946706,0.863669470883906
1,0.291416749358177,0.438408729620278,0.780173211591318,0.78860034653917,0.253346710465848
0,0.131774632958695,0.588926769094542,0.360171659616753,0.532837388338521,0.256046735914424
1,0.247295942623168,0.727789988508448,0.801025118678808,0.276692406041548,0.874117725295946
11,0.817961155902594,0.645657659275457,0.821166122797877,0.209254166809842,0.595980326179415
11,0.668654025765136,0.666862392332405,0.666144191287458,0.651074727065861,0.170163573464379
1,0.279806540813297,0.60747335664928,0.60200647637248,0.382098188623786,0.00632976996712387
2,0.0606500369030982,0.407093979883939,0.311471497407183,0.714705331949517,0.421922693727538
0,0.0414120862260461,0.363529007183388,0.0143456242512912,0.211862758733332,0.158856520662084
4,0.935695187654346,0.928274955367669,0.300333076156676,0.725322121288627,0.603388561634347
9,0.689014418283477,0.271696088835597,0.952976098749787,0.277589110191911,0.899790067924187
3,0.574579237494618,0.821464909007773,0.137975314864889,0.0358329333830625,0.707358325598761
1,0.237312970682979,0.462500005261973,0.967939519090578,0.454907033592463,0.873044739942998
4,0.57989467214793,0.654760007979348,0.451293776743114,0.572994471760467,0.457323171198368
3,0.769074534531683,0.983480707276613,0.598016848089173,0.519621466752142,0.159562178421766
2,0.864124928601086,0.766371983103454,0.57857125508599,0.433150025783107,0.668222128879279
7,0.721947809681296,0.0742141441442072,0.0365715839434415,0.109867757419124,0.925107020884752
1,0.435578892705962,0.428416716866195,0.501497427467257,0.924144166754559,0.734698940999806
0,0.541071625193581,0.675202026031911,0.306826921412721,0.875107482308522,0.0545164460781962
3,0.623434959677979,0.341838674386963,0.560706620570272,0.448400755412877,0.192950312048197
1,0.201782878255472,0.669208587147295,0.159878966864198,0.61331833829172,0.161122650140896
5,0.912006058264524,0.730254265246913,0.939068266190588,0.934790149796754,0.0165692246519029
15,0.921572818653658,0.110293390695006,0.508102914784104,0.167224823962897,0.787026253761724
1,0.553742128890008,0.209368737880141,0.239642559550703,0.483698541298509,0.271545388270169
7,0.399780697422102,0.135860961629078,0.913383589824662,0.459026033757254,0.615998799679801
4,0.0499878358095884,0.296307775191963,0.728424903936684,0.854638202348724,0.387569553917274
1,0.592390335164964,0.364464985672385,0.00592890218831599,0.925257307477295,0.45561460359022
2,0.836461631814018,0.581304428400472,0.214701507706195,0.377009762451053,0.471972569124773
1,0.586622253758833,0.86739525408484,0.0826768656261265,0.422589118592441,0.561627546325326
4,0.229958202922717,0.244720300426707,0.436993389157578,0.183745990041643,0.980277971597388
3,0.512430212460458,0.439218334155157,0.773502644849941,0.863257589749992,0.876261227298528
1,0.466265248134732,0.550640814006329,0.0463626983109862,0.250000576721504,0.904802080010995
2,0.66187346028164,0.576038100291044,0.70536953676492,0.81633070576936,0.635734796756878
2,0.233485192526132,0.173939224798232,0.20466471160762,0.142571084434167,0.492066122824326
29,0.931132932892069,0.100865438114852,0.922680887160823,0.249542559031397,0.98308942746371
0,0.141424012603238,0.425168016459793,0.805286740418524,0.635750439949334,0.098163777962327
1,0.305108135333285,0.725170021876693,0.587066580774263,0.342829016037285,0.563356637954712
1,0.122047431999817,0.338865004014224,0.255721254274249,0.42545876535587,0.468577607534826
2,0.593851480167359,0.94056380353868,0.484080333961174,0.890572017757222,0.458406275836751
7,0.64506949018687,0.532918575918302,0.941066625062376,0.800616097869352,0.695729903876781
1,0.42246118769981,0.902308923657984,0.650118618272245,0.555747007485479,0.0147235188633204
4,0.540329942014068,0.371338694589213,0.838476048549637,0.313320522662252,0.386230882955715
11,0.896777481539175,0.073531589936465,0.340808799955994,0.84311857027933,0.298897574888542
1,0.777049250435084,0.62345942039974,0.444645527750254,0.906576170353219,0.590109105221927
3,0.450288482941687,0.700225403299555,0.939569636015221,0.621529888827354,0.6052302995231
4,0.554130144650117,0.0128875430673361,0.24426796939224,0.275843242416158,0.331224164692685
0,0.470311193959787,0.58342992910184,0.0879680747166276,0.666412862483412,0.42077038786374
7,0.825284375343472,0.51370393531397,0.29337868373841,0.646092453738675,0.354857180034742
2,0.560818379977718,0.687436153413728,0.778808219125494,0.58239950821735,0.187290009343997
0,0.170743962284178,0.0483640369493514,0.355951931793243,0.676408257568255,0.209215668961406
6,0.463786978274584,0.0496751759201288,0.335640415549278,0.638079130323604,0.343131832079962
0,0.411988303298131,0.980783550068736,0.501688439631835,0.620452451519668,0.392991638742387
0,0.26288469415158,0.0133401670027524,0.176568211754784,0.739164325408638,0.600799963576719
2,0.530550343682989,0.146710770670325,0.257779490202665,0.512049578828737,0.883707149652764
15,0.99653791449964,0.824549993500113,0.860612496966496,0.526368024758995,0.183378368616104
3,0.848829310853034,0.765678914729506,0.11653795838356,0.464326903689653,0.471022387268022
1,0.166154861683026,0.399860489415005,0.102412754669785,0.826427623396739,0.322056517237797
4,0.871521629625931,0.632601157063618,0.506233671912923,0.936758645810187,0.510706409811974
8,0.981743232347071,0.718996298499405,0.833234357414767,0.424037618562579,0.0319915923755616
8,0.549909329740331,0.193771442165598,0.912137436680496,0.48802125477232,0.313336901599541
7,0.693313700845465,0.0123615604825318,0.800697084516287,0.795017102267593,0.538956644479185
1,0.132058567367494,0.77194288559258,0.19102776190266,0.295227469643578,0.835950572276488
1,0.0183892075438052,0.137612130725756,0.380282822297886,0.0330839813686907,0.394561213208362
2,0.228551207808778,0.872832553228363,0.936122000217438,0.667637076228857,0.614529716549441
0,0.193625434068963,0.598419210873544,0.81184816849418,0.414777261205018,0.824653421761468
8,0.839782708557323,0.942628815537319,0.523263701004907,0.140131999738514,0.419844609918073
5,0.338807902531698,0.640588159207255,0.712286096531898,0.158210567431524,0.680796081898734
3,0.834663800196722,0.55421427055262,0.243812425760552,0.714440737850964,0.41693554027006
0,0.139098352519795,0.843862494220957,0.740937724709511,0.783921850146726,0.532490014797077
2,0.12764358241111,0.95971919503063,0.0961668610107154,0.554731694515795,0.39487095666118
1,0.628122078021988,0.9445840572007,0.701763980556279,0.435494938399643,0.32477770675905
4,0.225152595667168,0.265205829171464,0.88482465269044,0.0633693649433553,0.240809214999899
1,0.384159224573523,0.722679649712518,0.140081254066899,0.609355790773407,0.65681919711642
6,0.544659650884569,0.0534967791754752,0.270167274866253,0.707357336534187,0.459546378580853
9,0.473642523633316,0.296240315306932,0.562688484787941,0.0547513654455543,0.29840447800234
7,0.807792820967734,0.907213595695794,0.112142902798951,0.540605333633721,0.982381989248097
12,0.769239550922066,0.204459736589342,0.919807966798544,0.229360616067424,0.219317400362343
0,0.34607536974363,0.629994158865884,0.289811807218939,0.639323256444186,0.389974833931774
3,0.576730950269848,0.0710183824412525,0.624404823640361,0.40295334183611,0.0960612266790122
4,0.606209988007322,0.571360601577908,0.348927796818316,0.702670764178038,0.198841881472617
0,0.0303332342300564,0.472137845354155,0.765799674903974,0.926357665797696,0.653707219054922
8,0.672366405837238,0.145840120734647,0.323456323007122,0.603022014955059,0.231090941466391
6,0.655349518405274,0.0233756084926426,0.762253277702257,0.93915250338614,0.138311379821971
0,0.0790119641460478,0.0251705781556666,0.152025872375816,0.319537224480882,0.880328116705641
4,0.717622798169032,0.690027519362047,0.137268272927031,0.0106664898339659,0.0378167333547026
7,0.773018501931801,0.610568957403302,0.680552582256496,0.924946996150538,0.974333442049101
2,0.252340945182368,0.529609702527523,0.736320494674146,0.360122315119952,0.180880911415443
3,0.0307914849836379,0.130182097200304,0.722891804762185,0.640518323751166,0.52170822955668
1,0.0580561440438032,0.595239945221692,0.822103741811588,0.0431819139048457,0.715220084181055
1,0.59983776207082,0.904671240597963,0.860286159906536,0.666811894159764,0.978702111169696
6,0.79729420109652,0.574594338890165,0.84404380642809,0.503669529221952,0.248769419267774
13,0.842964755371213,0.786825334187597,0.975578076671809,0.662256718613207,0.296043693087995
10,0.916770896874368,0.961955314036459,0.700728279538453,0.219561179401353,0.0633906847797334
3,0.669088745256886,0.784848402021453,0.391945968382061,0.544412851799279,0.164624137571082
0,0.0932693786453456,0.89108996046707,0.045995096443221,0.93590429238975,0.502263816306368
4,0.352256694808602,0.280110099120066,0.906785365426913,0.832192838191986,0.73841559025459
3,0.547781321452931,0.719906518235803,0.848102665506303,0.737378806341439,0.126439354848117
6,0.883290520403534,0.882109867641702,0.585277578094974,0.178317052777857,0.654795772163197
3,0.578950797207654,0.83142198016867,0.41829918208532,0.825462189735845,0.689763920148835
6,0.599488614592701,0.492462133988738,0.823389518074691,0.601151673821732,0.960854871431366
1,0.219097716966644,0.635853212559596,0.629254030995071,0.66895181662403,0.264810188207775
4,0.418607453582808,0.91377761005424,0.888218347216025,0.0966388750821352,0.894895837176591
5,0.931301522068679,0.726698098005727,0.627170386724174,0.641809778055176,0.565415260149166
5,0.142596046440303,0.0304252735804766,0.634937335038558,0.338329651160166,0.641264707082883
1,0.00701741012744606,0.730181296123192,0.707647724309936,0.562528452370316,0.417627193965018
1,0.416727839969099,0.925877702655271,0.637889885576442,0.963639977620915,0.41593735688366
12,0.806901858188212,0.112652592593804,0.103363092755899,0.676708412123844,0.933384685777128
0,0.164034052053466,0.959964109584689,0.691176129272208,0.101066583767533,0.450491340830922
0,0.0766225920524448,0.2465072539635,0.745973508339375,0.262416240060702,0.16877134423703
7,0.946491742972285,0.476213573012501,0.154952721204609,0.952809303766116,0.372073892503977
12,0.874691624427214,0.67452876153402,0.887477267766371,0.0625343511346728,0.852317914133891
1,0.235888237599283,0.652453140122816,0.865765512688085,0.202239418635145,0.865201169857755
0,0.160074654500932,0.845628250855953,0.0875154074747115,0.705044137546793,0.638680242700502
2,0.301125749945641,0.807802165625617,0.754039969062433,0.062006950378418,0.553117521572858
4,0.965425389353186,0.950337850721553,0.03243732242845,0.494307555491105,0.526098956586793
0,0.0977291485760361,0.774062336655334,0.203689985442907,0.0424582937266678,0.818883399944752
0,0.799917760770768,0.762550822691992,0.517818100983277,0.214342050021514,0.0348988177720457
1,0.117863862076774,0.966116315685213,0.935548360925168,0.936994199175388,0.933289563516155
3,0.0624224802013487,0.48877122416161,0.374805329600349,0.957001798320562,0.896225542761385
3,0.427128083305433,0.197159841656685,0.0968940791208297,0.493921497371048,0.0718214483931661
1,0.0932798800058663,0.236969533376396,0.503453835379332,0.77056392445229,0.0405522659420967
12,0.910077624022961,0.0617725942283869,0.194023742107674,0.992773190606385,0.887321504298598
2,0.853207778651267,0.833754451246932,0.110054459422827,0.964224736671895,0.567063714610413
3,0.570591012015939,0.831301359226927,0.45712405978702,0.302757566561922,0.378607850754634
4,0.868969983421266,0.336345472373068,0.170163407223299,0.423616036307067,0.471102392300963
4,0.57377477386035,0.0723206149414182,0.655245375121012,0.833990790881217,0.914318864932284
0,0.184076824691147,0.824535478372127,0.0955036766827106,0.624855317408219,0.450069880811498
5,0.723763536894694,0.848984363721684,0.654073299840093,0.240545018576086,0.149866225896403
13,0.95415425626561,0.904758571181446,0.709842868614942,0.405872193630785,0.989224830176681
4,0.87929874099791,0.668293453985825,0.102248948300257,0.837896599434316,0.498001880710945
5,0.356947816675529,0.420765905641019,0.607474284479395,0.124233529204503,0.866074418649077
1,0.056476189289242,0.686986805172637,0.0263105926569551,0.172513732220978,0.200804729945958
3,0.702564384555444,0.793724563205615,0.295695369597524,0.354424324817955,0.216376703232527
0,0.182135351467878,0.883608178701252,0.0205191080458462,0.525048005627468,0.109015178866684
4,0.788701448822394,0.596171987708658,0.277951980475336,0.574242480332032,0.264273248612881
2,0.0809726985171437,0.534032120602205,0.601025735260919,0.691375328227878,0.286719529423863
7,0.832564105046913,0.170677046058699,0.425526714185253,0.829555113334209,0.760054966667667
6,0.832162064267322,0.502145948121324,0.289542227983475,0.268931961152703,0.227193605154753
1,0.274212689138949,0.794431958114728,0.758635490899906,0.193917860276997,0.554297451628372
9,0.931906508281827,0.238950084894896,0.764901542337611,0.899466470815241,0.158221341436729
3,0.910639312583953,0.893137861974537,0.0976191661320627,0.012978971702978,0.175180835649371
14,0.795419790316373,0.236938785063103,0.919998600380495,0.827726447489113,0.710731973871589
5,0.614019937580451,0.805376040516421,0.926428665407002,0.193395276321098,0.328862243099138
4,0.126706679584458,0.0195764440577477,0.527953304117545,0.0814734750892967,0.154789042891935
2,0.127876597456634,0.417138592340052,0.373581151012331,0.894970448687673,0.999312642030418
3,0.0212691719643772,0.0731713040731847,0.542050166288391,0.248131376923993,0.411661139456555
10,0.545989790931344,0.762577244313434,0.774314410518855,0.448074023937806,0.344808480935171
5,0.713511058595031,0.622872889740393,0.129076105542481,0.815497264498845,0.909979033982381
11,0.845201566116884,0.550004327436909,0.558981739217415,0.0780654661357403,0.578179145930335
3,0.427343453513458,0.288013491081074,0.127888175658882,0.0802769260481,0.393274429021403
9,0.557997145922855,0.484849225496873,0.437713161110878,0.429852738277987,0.349537237780169
0,0.0496644254308194,0.897700835252181,0.0948563555721194,0.918785394867882,0.837949743261561
4,0.282584994100034,0.306211304618046,0.339170204009861,0.549119853880256,0.57263716077432
1,0.805361846461892,0.926173772430047,0.0576320146210492,0.381896690698341,0.0489419042132795
7,0.446513274684548,0.799296323210001,0.658889383776113,0.337806566152722,0.847388648893684
14,0.81020747940056,0.193749066442251,0.860331842675805,0.468952807364985,0.0668509022798389
4,0.772923989687115,0.0834128216374665,0.0569763933308423,0.951622186228633,0.407528935465962
1,0.0547242353204638,0.888186654541641,0.613186827395111,0.824881729669869,0.868470805697143
8,0.520055887987837,0.179509508889169,0.682812945218757,0.0607319185510278,0.730609038379043
2,0.0712353552225977,0.251293626381084,0.560195266269147,0.449234277475625,0.891309827566147
7,0.927145354449749,0.477431290782988,0.209146831417456,0.454928466351703,0.932495341869071
3,0.4272080140654,0.281385036185384,0.12630458897911,0.354640171863139,0.737979954108596
0,0.16990749235265,0.853027383098379,0.134043521713465,0.823233439587057,0.818132960936055
4,0.912919030990452,0.658058269880712,0.242494201287627,0.848279322031885,0.206764860777184
2,0.767110695829615,0.463996779872105,0.479703971417621,0.828202086966485,0.0111128063872457
3,0.559773530811071,0.366502766031772,0.535424929577857,0.541363427648321,0.751015501562506
5,0.528597912052646,0.378548442851752,0.924619996687397,0.678310873452574,0.160343225812539
1,0.224344692658633,0.437677535228431,0.437170603079721,0.980985953705385,0.151671360945329
0,0.176615108037367,0.51052509713918,0.429854601388797,0.125882756896317,0.819289658218622
5,0.75746602169238,0.100944937672466,0.190266816178337,0.529975058278069,0.626714728074148
2,0.166630319319665,0.778463982744142,0.160522468853742,0.533749321009964,0.431570218410343
1,0.15959034464322,0.378157004714012,0.213794438168406,0.12855844036676,0.329300519311801
15,0.935420537833124,0.77690105442889,0.770710914861411,0.00158479157835245,0.653829648392275
12,0.756107791559771,0.188552463194355,0.915958252036944,0.360978943295777,0.010775632224977
8,0.851760550867766,0.231859266525134,0.646566924639046,0.758817282970995,0.76396399224177
0,0.202940748073161,0.630132385296747,0.457563466625288,0.728124661371112,0.0712225262541324
1,0.341838106978685,0.843074255855754,0.952522208448499,0.492665858473629,0.101310360711068
2,0.673438936471939,0.942869760794565,0.252797189867124,0.881421911995858,0.7906801213976
3,0.148976273601875,0.404068984324113,0.697741735726595,0.381641614018008,0.766639951150864
13,0.806829525157809,0.589321135310456,0.980935068801045,0.330788695486262,0.859817920252681
6,0.399360213661566,0.126180578256026,0.707116022473201,0.105257868301123,0.881700742989779
10,0.895709316479042,0.798856370151043,0.797899724915624,0.59398172586225,0.539177092025056
1,0.551201707683504,0.109813757473603,0.0943489554338157,0.332634518155828,0.318136267596856
2,0.290625953814015,0.13285039528273,0.632543561747298,0.897846131585538,0.596266975626349
2,0.103974449913949,0.750501343747601,0.0511780302040279,0.61857632920146,0.565246504731476
2,0.743931532371789,0.971173271303996,0.317840652540326,0.367049136897549,0.855460152728483
8,0.891980655258521,0.280414000153542,0.598804329289123,0.839550261385739,0.21808297582902
2,0.115873185219243,0.287857287097722,0.344899953110144,0.766986352857202,0.123089289991185
1,0.66518955794163,0.939220430329442,0.287495377240703,0.627897581085563,0.263020777143538
7,0.878238178091124,0.880429485114291,0.446870551910251,0.853818380506709,0.367841116152704
14,0.910410438664258,0.255283627659082,0.680289214942604,0.279975546058267,0.135972976218909
3,0.761629109503701,0.767874246928841,0.471851340960711,0.467098134104162,0.0460996942128986
0,0.0377121011260897,0.851568124257028,0.980991658288985,0.707145290449262,0.0750187458470464
3,0.853351585334167,0.598918509902433,0.195189726073295,0.882848689099774,0.811524825636297
0,0.199510284001008,0.813531419029459,0.632237234618515,0.977369808824733,0.952643471537158
3,0.447464548051357,0.462753463536501,0.657278466736898,0.224712964845821,0.988910118117929
0,0.253541906597093,0.801998384064063,0.160561036318541,0.270045477664098,0.664855780545622
3,0.669660939602181,0.573783422121778,0.611092457314953,0.895035250345245,0.122677945066243
2,0.2443354758434,0.665310422889888,0.0922875513788313,0.344195679062977,0.685085350880399
2,0.183266700943932,0.742166662355885,0.83358804625459,0.195567866321653,0.276415529195219
3,0.351036487380043,0.416980716399848,0.309792677173391,0.343309230171144,0.0100806944537908
3,0.169132093898952,0.777596638770774,0.497190468013287,0.411662022816017,0.965380165958777
1,0.406235211994499,0.917982406215742,0.157546394504607,0.855126898502931,0.708520140731707
2,0.330757843796164,0.474416106473655,0.442726729670539,0.832369720330462,0.449126748135313
2,0.607026682933792,0.890922172693536,0.059112333226949,0.632502536522225,0.956972795072943
2,0.672347039217129,0.261110439663753,0.557942122220993,0.816414042143151,0.313439492834732
1,0.516286964528263,0.286722383927554,0.191600713413209,0.897397802444175,0.0503994475584477
5,0.580544327152893,0.251456420635805,0.299949493259192,0.384502270957455,0.0881330238189548
1,0.0733449927065521,0.509766222443432,0.819879215443507,0.845866586780176,0.48710593720898
1,0.164368832716718,0.464815736282617,0.770244623767212,0.670106881298125,0.152691285358742
2,0.48096517380327,0.393983475398272,0.869314878480509,0.616945426911116,0.679398549254984
3,0.649392124963924,0.713603048352525,0.193195877363905,0.114091166527942,0.481103320140392
2,0.915002430323511,0.913122670724988,0.297519222833216,0.0294739187229425,0.55595619766973
3,0.0773968638386577,0.476250780047849,0.705090401927009,0.671668695984408,0.985579433850944
0,0.0492604025639594,0.54687061952427,0.490094383945689,0.0729451354127377,0.374992326134816
8,0.800703639630228,0.54937835293822,0.318871026393026,0.10407295729965,0.502576119964942
0,0.491158053278923,0.35204646573402,0.060952381696552,0.545171051751822,0.434722148580477
7,0.975747562246397,0.18154272553511,0.0269683911465108,0.597207483369857,0.297291964525357
6,0.478706720052287,0.966337120858952,0.69132341304794,0.757860634941608,0.529340848093852
13,0.985247731441632,0.42528946348466,0.501893251435831,0.608814253704622,0.715170013019815
3,0.298271729145199,0.532140214229003,0.807772694621235,0.203885132679716,0.591778519563377
1,0.136505492730066,0.562993129482493,0.932332593947649,0.421887287171558,0.503068857127801
2,0.639104210073128,0.680109345819801,0.679816456278786,0.735694091301411,0.574574384139851
2,0.361268438398838,0.414639776106924,0.44273341470398,0.0588926901109517,0.145093486178666
9,0.718486845726147,0.754451755434275,0.511249793460593,0.322121797129512,0.890709490748122
5,0.343059591017663,0.648749232757837,0.674244748195633,0.484113844577223,0.999129370553419
1,0.0650428233202547,0.589142472017556,0.0323857069015503,0.679062962997705,0.0381732652895153
1,0.353522778488696,0.4590716175735,0.0999725002329797,0.663705684710294,0.0282766404561698
3,0.847847358323634,0.806358952540904,0.359152692137286,0.78850220493041,0.126678704284132
3,0.278251359704882,0.73749460093677,0.460733114974573,0.0748778150882572,0.336813890142366
0,0.466398741817102,0.536959605757147,0.102321579586715,0.374243547674268,0.409014505101368
4,0.475187085568905,0.0267927329987288,0.171225710073486,0.0312578326556832,0.433684590505436
1,0.314911915222183,0.880822412902489,0.587703350232914,0.992180000524968,0.655418324051425
3,0.392818045336753,0.974874529521912,0.509859514888376,0.0103596514090896,0.210731577826664
3,0.730108123272657,0.886739968089387,0.740741551388055,0.939173718681559,0.9720306803938
4,0.49120138771832,0.634413468418643,0.67738298443146,0.590978672262281,0.928905082866549
1,0.271803310373798,0.862054382450879,0.888389464467764,0.78291572490707,0.0458563535939902
1,0.211516835726798,0.411569917807356,0.321561012882739,0.869426893768832,0.422798075247556
1,0.187888758722693,0.60894090263173,0.679777612211183,0.391730414936319,0.47861836082302
3,0.130557172466069,0.859180107247084,0.768028329126537,0.821353939827532,0.39171272655949
4,0.727816884405911,0.859262844081968,0.734092523343861,0.272678539156914,0.727912739850581
3,0.719904663972557,0.881211036583409,0.400854676030576,0.396999259479344,0.979938928969204
5,0.84041289286688,0.869265128392726,0.670413978397846,0.479841494001448,0.0163957541808486
5,0.671223102137446,0.502944700885564,0.618465198669583,0.503945072647184,0.168450859375298
3,0.000964231323450804,0.179188726237044,0.327451357617974,0.204752953955904,0.561323879985139
6,0.673524515703321,0.452867053216323,0.91258938703686,0.548658245475963,0.0257395491935313
9,0.747203094884753,0.129035184392706,0.408327030716464,0.617415152257308,0.886139735579491
9,0.994258779333904,0.658253664383665,0.147924312390387,0.11543032573536,0.653080044547096
4,0.688791434979066,0.614616214530542,0.324815877247602,0.826815796550363,0.945865844609216
4,0.716803444782272,0.63230065908283,0.982479606056586,0.89400538103655,0.239255756838247
3,0.0914179787505418,0.557102628517896,0.233621089020744,0.00862290314398706,0.713446258334443
1,0.677968499483541,0.673350353026763,0.141956898383796,0.222901778994128,0.118360018124804
1,0.436495427275077,0.334863777272403,0.733213038416579,0.650859805056825,0.943823363864794
1,0.116727516753599,0.0206489423289895,0.66283132485114,0.0701994290575385,0.816810576943681
0,0.0325905308127403,0.900968103436753,0.216969988076016,0.329608517931774,0.061761385994032
0,0.162100207991898,0.0146397252101451,0.624635927146301,0.405981430551037,0.908429631963372
1,0.0390513315796852,0.260676300851628,0.765272772870958,0.542281572939828,0.554199955891818
4,0.649998172419146,0.193764606490731,0.300702780717984,0.96948410035111,0.817047281656414
3,0.658802520949394,0.597976244520396,0.548770036781207,0.41264721355401,0.0411011890973896
2,0.0900098332203925,0.458615735871717,0.176986812381074,0.809488293016329,0.967455061618239
3,0.411889876937494,0.756009694654495,0.408753822324798,0.907081674318761,0.206155605614185
9,0.723233599914238,0.223093023756519,0.39959576074034,0.519188954029232,0.187534969532862
7,0.680467388126999,0.468807878904045,0.613810571841896,0.981808998854831,0.60239796154201
2,0.364217111608014,0.814686379162595,0.335600794292986,0.70437075686641,0.591241416987032
3,0.367621023440734,0.753546554129571,0.88776972447522,0.726813037181273,0.339091891888529
1,0.627428139094263,0.864805054850876,0.568426920333877,0.726209490559995,0.740604789461941
1,0.0985035814810544,0.669876021565869,0.497605673735961,0.81277169007808,0.433002452598885
0,0.379103598650545,0.815181650454178,0.473503204528242,0.299970279913396,0.117662966949865
8,0.761096103349701,0.0169163546524942,0.612211337778717,0.900419199606404,0.395182911772281
0,0.136454525170848,0.78182023554109,0.183738148771226,0.72147136926651,0.716902821790427
4,0.728230520850047,0.602815533522516,0.636401594383642,0.539445103844628,0.535333212465048
12,0.73584562772885,0.112624173751101,0.984829852590337,0.783183397492394,0.986073514679447
5,0.612528253812343,0.749502653256059,0.745640743058175,0.0690869733225554,0.224261914379895
6,0.874992336379364,0.506840847432613,0.138407830847427,0.920858697034419,0.969946202123538
4,0.186969638802111,0.375362045597285,0.123360709520057,0.980005173245445,0.579648345476016
4,0.580484721809626,0.325723614543676,0.12028808100149,0.846332538640127,0.339373519411311
2,0.694525043480098,0.788379309233278,0.435293872607872,0.111441782442853,0.214279013685882
5,0.787173665128648,0.329707331489772,0.137676081620157,0.393336587352678,0.35075475461781
1,0.0498430198058486,0.424890702590346,0.214023770997301,0.664625586941838,0.543270957889035
1,0.033250285545364,0.736302223987877,0.559632263146341,0.71988433599472,0.384094832465053
0,0.176356519106776,0.659023456973955,0.127662223530933,0.670782312750816,0.895079036476091
24,0.991728402674198,0.279591527534649,0.959986568428576,0.61363442754373,0.854817834682763
2,0.216363007202744,0.518612907500938,0.561303419526666,0.655725236283615,0.366268628044054
1,0.040370799601078,0.80790330376476,0.870015975786373,0.499182832427323,0.098647347651422
0,0.345325955655426,0.727005127351731,0.0455941169057041,0.392721754265949,0.841910815332085
2,0.212660882854834,0.770311844069511,0.669030514545739,0.388788803946227,0.545427907491103
4,0.655588624300435,0.414831002242863,0.76553384703584,0.485541230300441,0.406469852896407
12,0.85236770985648,0.400405921507627,0.465686853509396,0.105986302020028,0.706254394957796
6,0.802591084502637,0.786408498650417,0.949961633887142,0.852676826762035,0.518259606789798
8,0.682023324538022,0.0643965727649629,0.197690806584433,0.623899511760101,0.220641567604616
4,0.695884919958189,0.742434134241194,0.904803598998114,0.675630041165277,0.95203945483081
3,0.0192453812342137,0.477151994360611,0.7720780253876,0.241012130398303,0.31396106351167
3,0.435528476955369,0.731316299177706,0.491573788225651,0.181810069829226,0.928363694576547
4,0.610449649393559,0.661502303089947,0.611307714832947,0.0203393788542598,0.536072136834264
13,0.772114853840321,0.451611489057541,0.424707310739905,0.120745837455615,0.579836984397843
2,0.260506456252187,0.409975038841367,0.359976949868724,0.238030143780634,0.826974496478215
1,0.469499833881855,0.926776584237814,0.200405792798847,0.503697540378198,0.46578994882293
3,0.479800472036004,0.189181542955339,0.191771357320249,0.102545068832114,0.810619325609878
6,0.983696156879887,0.857446690090001,0.471796462312341,0.481762465555221,0.00137385632842779
0,0.228015980217606,0.979108850238845,0.113115977728739,0.814323259983212,0.853304077871144
5,0.969260410405695,0.143026754492894,0.437297578668222,0.969724192749709,0.301124185323715
4,0.557076660916209,0.761857832781971,0.264796535950154,0.427568352315575,0.897270378191024
1,0.778594344621524,0.254064988112077,0.145474226679653,0.00134077155962586,0.0400548276957124
1,0.119864563690498,0.380378535715863,0.37488326150924,0.61829062923789,0.61900257691741
0,0.273953522089869,0.975026785861701,0.0101095747668296,0.120806796476245,0.150456469040364
4,0.408246043603867,0.033061545342207,0.543310071108863,0.484372937120497,0.015160356881097
4,0.514462082413957,0.0298458265606314,0.000600412022322416,0.124386767391115,0.561720909317955
18,0.91682119295001,0.147863193647936,0.706233636243269,0.30677323252894,0.305951494257897
1,0.0108180597890168,0.299175990978256,0.0233881378080696,0.727263262495399,0.364007929572836
5,0.586818307172507,0.27705644746311,0.650413966272026,0.661717652576044,0.363902448210865
1,0.633958862163126,0.873627366265282,0.261312920367345,0.982536876341328,0.237866894574836
6,0.632092003943399,0.282787282019854,0.447716783965006,0.360237657325342,0.521417732117698
1,0.208821671782061,0.474695247132331,0.317003972595558,0.435704401694238,0.80975753068924
1,0.412730003939942,0.776420164620504,0.321699994849041,0.917917499085888,0.208933391608298
2,0.221966276876628,0.232244133250788,0.776695580687374,0.335845330962911,0.330892597557977
2,0.461832863045856,0.760404334403574,0.81837143166922,0.587241233559325,0.41493360651657
1,0.368756641633809,0.727230006596074,0.708078167168424,0.807824015151709,0.0883811109233648
23,0.972350943135098,0.287434008670971,0.683970022946596,0.00538602075539529,0.189762866124511
2,0.380469091702253,0.839580639032647,0.49784852960147,0.720035188598558,0.980181126622483
2,0.577741435728967,0.918823015643284,0.44935944955796,0.709569219034165,0.504479533992708
8,0.689921909244731,0.0045446096919477,0.258923418819904,0.184860591311008,0.194409363437444
0,0.290701015619561,0.702367073390633,0.00716261216439307,0.438246096950024,0.379449607571587
0,0.0592392073012888,0.468463920755312,0.954110325314105,0.656320830341429,0.279494215967134
2,0.5641949782148,0.0741909455973655,0.0370205917861313,0.205199130112305,0.0240093939937651
3,0.312140242895111,0.271969148656353,0.168010876048356,0.111202574102208,0.773004982853308
3,0.228984089102596,0.263575573218986,0.374064312083647,0.190070452867076,0.054998614359647
3,0.895403733476996,0.643627029377967,0.00854981131851673,0.694000924238935,0.157635551644489
2,0.447547379415482,0.927201532293111,0.886437088018283,0.185833837138489,0.606379832839593
2,0.00759617146104574,0.65114574204199,0.866329684853554,0.6663125064224,0.597312938189134
0,0.0461706947535276,0.989591132383794,0.688181404024363,0.474367965711281,0.887652913574129
2,0.278209403622895,0.413738501491025,0.486795517150313,0.672169362194836,0.476470477646217
2,0.0825406119693071,0.107733977725729,0.44173186365515,0.59762217104435,0.74806350748986
1,0.147003850201145,0.336679722415283,0.905132576357573,0.862066000001505,0.373655738541856
4,0.263035543495789,0.236209769966081,0.842773246578872,0.0726349330507219,0.313295738073066
1,0.486798714147881,0.952925273915753,0.98229030915536,0.0742092048749328,0.0737392490264028
1,0.690222851699218,0.471029260894284,0.268629223341122,0.891169417183846,0.263554448727518
1,0.35281621105969,0.529430502094328,0.35089650307782,0.6652620814275,0.00669093150645494
4,0.680131991393864,0.333657430950552,0.273439746815711,0.576672196853906,0.312044695485383
2,0.0144374866504222,0.928357360884547,0.0397268822416663,0.00349021819420159,0.508899064036086
6,0.791946430457756,0.722343853209168,0.678684435086325,0.0783417646307498,0.567345214309171
4,0.754767808830366,0.29099283949472,0.203557785833254,0.828715894836932,0.246929834596813
1,0.0517565300688148,0.783888328121975,0.330119795165956,0.550344401737675,0.104952570982277
8,0.741543246665969,0.203982016537338,0.351872828090563,0.663700374774635,0.373526794370264
2,0.517666660947725,0.705778098432347,0.694285567384213,0.88451633695513,0.540810049977154
0,0.0989603511989117,0.500721646938473,0.212894127238542,0.762069444870576,0.515215305844322
0,0.147396663902327,0.83714600536041,0.372734957840294,0.364215758396313,0.840393817517906
1,0.201345502166077,0.406126405810937,0.170319030294195,0.288301731459796,0.265469572739676
1,0.244386282982305,0.582132915500551,0.0141000766307116,0.424495643703267,0.463673860533163
7,0.826716878218576,0.57192502100952,0.99075590306893,0.490557210287079,0.363766089081764
3,0.692466655978933,0.227384134428576,0.875936760334298,0.990966703277081,0.230725173605606
1,0.133316594175994,0.679832749534398,0.979547517141327,0.515025307191536,0.441992804408073
2,0.292451619403437,0.393466861220077,0.309342021122575,0.445557456929237,0.308989752549678
4,0.880785932997242,0.7513539257925,0.635887174867094,0.539618089329451,0.398069447604939
0,0.530885347863659,0.794504120480269,0.461821797769517,0.394203087314963,0.157802430447191
1,0.158125552581623,0.632468497846276,0.854109166655689,0.135813310975209,0.945359318749979
3,0.0429964477661997,0.523574627470225,0.513452894985676,0.411414883797988,0.0665159297641367
2,0.531287988647819,0.370244311634451,0.589672436472028,0.737568993354216,0.710717087145895
2,0.401670313673094,0.185494816862047,0.451490001985803,0.607978226384148,0.691629890352488
1,0.414235081290826,0.684949379879981,0.684550725622103,0.418932452332228,0.742853829171509
1,0.183243568520993,0.75633393949829,0.462214654544368,0.863845295971259,0.0568821444176137
0,0.682786433026195,0.994449125835672,0.565432448172942,0.0683009177446365,0.702909333398566
2,0.242727308301255,0.369052762631327,0.984409410040826,0.127060858765617,0.206246881745756
14,0.817259583622217,0.169618635671213,0.609881011303514,0.288513386389241,0.846837284276262
11,0.859229930443689,0.656791798770428,0.44473550375551,0.928551533492282,0.928782758768648
4,0.362689464120194,0.357730030314997,0.512032888596877,0.912147572962567,0.561204264871776
2,0.421535067493096,0.609461745014414,0.236912378109992,0.75338325323537,0.0172895709984004
0,0.75165550597012,0.954123459057882,0.132081642281264,0.771204591495916,0.34519078140147
4,0.0476141299586743,0.0773804413620383,0.321592547232285,0.39714528969489,0.783884442877024
3,0.192774392198771,0.568547453731298,0.670292241964489,0.440402649110183,0.413452453445643
4,0.0829669306986034,0.137248808052391,0.934677355689928,0.582780315540731,0.372823825338855
2,0.33297266298905,0.134471009485424,0.0427148544695228,0.899963882984594,0.0261890909168869
12,0.920443864073604,0.382636013906449,0.139041771646589,0.146001336863264,0.980940008768812
31,0.983049154747277,0.10135062248446,0.862805414944887,0.602396655827761,0.755007361993194
5,0.00504151429049671,0.26075091958046,0.995721837505698,0.246535347541794,0.0369536846410483
1,0.0144443600438535,0.882763091940433,0.47069971403107,0.0971003682352602,0.643738625803962
2,0.489048575051129,0.197753384476528,0.0962940440513194,0.629686194704846,0.919021918438375
2,0.308957717847079,0.755866512656212,0.135070559568703,0.290397114353254,0.565118241356686
1,0.648442952428013,0.940406852168962,0.907916399417445,0.547500627348199,0.0520086621399969
0,0.57494375645183,0.998785970266908,0.104196092579514,0.32057595346123,0.842129927361384
1,0.960872151656076,0.976295594591647,0.0557239735499024,0.391768414527178,0.193678573705256
7,0.505457024555653,0.0709057655185461,0.752219856018201,0.184129405999556,0.57561297994107
4,0.58992452500388,0.140180758666247,0.282467601587996,0.622156044235453,0.298526420490816
6,0.721028397558257,0.0919381335843354,0.157285635592416,0.633655650308356,0.62943581584841
4,0.700807227753103,0.15166398929432,0.256125148618594,0.842616371810436,0.732239299686626
0,0.131731411442161,0.852626224281266,0.472395230317488,0.847266356693581,0.36597933084704
2,0.298728798748925,0.266296179499477,0.250162669690326,0.875133915338665,0.07152897445485
9,0.703781200340018,0.419394770637155,0.669182948069647,0.308694408740848,0.85444722766988
12,0.989940918050706,0.513481750153005,0.563882092246786,0.974434207892045,0.809109679190442
0,0.056312270462513,0.995408271905035,0.660715752514079,0.033524262951687,0.717326960992068
0,0.117440952686593,0.889309656107798,0.0534818754531443,0.93605541344732,0.92962579196319
1,0.227896158816293,0.338061897549778,0.520512601360679,0.0990519411861897,0.978145221946761
0,0.386931193992496,0.840274604735896,0.529355310834944,0.713690603617579,0.545565114356577
1,0.00655409088358283,0.630343969678506,0.148483062861487,0.449738583527505,0.794942285167053
2,0.433937388006598,0.973640955286101,0.950742616318166,0.529932642821223,0.94100860808976
3,0.57299805036746,0.786570388358086,0.948284028330818,0.872321367962286,0.870157677680254
1,0.0116295292973518,0.462050017202273,0.158445845590904,0.502836032537743,0.385744363069534
8,0.77078837971203,0.161144932033494,0.787201734725386,0.602833505487069,0.190835992572829
9,0.810584320221096,0.639841908589005,0.772884792881086,0.0428931452333927,0.875196960521862
0,0.20616466505453,0.907680238597095,0.406615353887901,0.157795648323372,0.999984451336786
5,0.627897797385231,0.792866548988968,0.39960870007053,0.0881959802936763,0.364225322380662
4,0.777196836657822,0.676057317527011,0.96433154726401,0.526045713340864,0.98475825227797
7,0.792366627138108,0.325730396900326,0.780999738490209,0.299888208508492,0.525358306476846
1,0.0992416886147112,0.0801555670332164,0.136232062010095,0.0931116440333426,0.315284749260172
1,0.342006888007745,0.741655116900802,0.262973677366972,0.623495413688943,0.853702198481187
6,0.946039193775505,0.485711922636256,0.126478535123169,0.653506335103884,0.0401765871793032
6,0.766173508483917,0.546076380414888,0.856392995454371,0.890649105189368,0.636192728299648
2,0.216059211175889,0.16567692393437,0.38471894687973,0.879156498238444,0.700201887870207
1,0.172824192559347,0.495503180893138,0.954739919630811,0.669715082738549,0.372073339531198
1,0.0527705866843462,0.916086895391345,0.421638560248539,0.213409883435816,0.761229434749112
1,0.324874645331874,0.927904959768057,0.96769380196929,0.658720506587997,0.314759180415422
2,0.0883306798059493,0.83778834878467,0.510474924230948,0.294961366103962,0.0477723116055131
2,0.353578060399741,0.569798631127924,0.0767739212606102,0.510618867352605,0.582874261774123
6,0.877357765100896,0.587818587664515,0.134641630807891,0.947531388606876,0.714278852567077
1,0.473529780982062,0.702733863145113,0.355606768513098,0.442543473560363,0.434087566100061
2,0.113814294803888,0.76216862606816,0.277274862397462,0.989693273790181,0.517214204883203
2,0.222102490253747,0.977058988530189,0.247499728575349,0.311864496674389,0.542314481688663
2,0.170482400106266,0.150615628110245,0.706243568332866,0.449433819856495,0.294648029142991
4,0.352855831151828,0.684500253759325,0.531876875320449,0.785085246898234,0.69976334949024
1,0.0419529641512781,0.0200506683904678,0.377533465158194,0.12265348690562,0.707121276296675
2,0.345371409785002,0.80874175648205,0.793192464858294,0.0131471285130829,0.356161054922268
9,0.93458329862915,0.529681951971725,0.565572341205552,0.807512315921485,0.191558160586283
2,0.502627417212352,0.544826824218035,0.0106504918076098,0.773647652706131,0.962546608876437
1,0.0492968698963523,0.875710430787876,0.0551415493246168,0.527823194861412,0.495750254252926
4,0.429583214456216,0.575772874755785,0.247719675768167,0.589038146194071,0.293122561648488
14,0.927464709617198,0.509004241088405,0.929415699094534,0.180282235145569,0.231405774829909
4,0.699809889541939,0.517553456593305,0.21376821747981,0.0803876998834312,0.710162435891107
26,0.932338706683367,0.0240749146323651,0.856412971159443,0.197338624391705,0.529139176942408
3,0.842207386856899,0.868899398017675,0.672646091785282,0.442705377237871,0.628305840771645
9,0.840623442316428,0.0141242817044258,0.283010092796758,0.792896312661469,0.317601776914671
2,0.368010565172881,0.22918333276175,0.404378778766841,0.482221191748977,0.0916194031015038
5,0.243151881033555,0.0197898196056485,0.149812356568873,0.0275451245252043,0.24445452587679
2,0.0807946140412241,0.188752056099474,0.83735742024146,0.702821993036196,0.931082211900502
1,0.59046797035262,0.847005980322137,0.211268540471792,0.785837966715917,0.944344068411738
1,0.229437154717743,0.626275454647839,0.522654694272205,0.929701024899259,0.935612840345129
7,0.752989280037582,0.350120357237756,0.365566131658852,0.287660146132112,0.528189156902954
6,0.746980412397534,0.437435094034299,0.844431653618813,0.142048705136403,0.280045804567635
12,0.988665194949135,0.213850582949817,0.241758521646261,0.242342490237206,0.107118505053222
11,0.97001268947497,0.263237377395853,0.427715097786859,0.827514017932117,0.043266547145322
4,0.454741174355149,0.343961689388379,0.90262180310674,0.403524968307465,0.551957611227408
6,0.74804256297648,0.484320579329506,0.768396027386189,0.343231086386368,0.476476805284619
17,0.803992872359231,0.125698450719938,0.863628667313606,0.241774176247418,0.86021253070794
3,0.55660547176376,0.593143479898572,0.45896357181482,0.678242416353896,0.917644489789382
1,0.0267097242176533,0.341636257944629,0.674153400352225,0.522377021377906,0.904854585649446
10,0.592019592644647,0.183070163941011,0.333067391766235,0.117629754589871,0.682354704709724
2,0.0443094077054411,0.732471583178267,0.825267564738169,0.649063702207059,0.617913556285203
3,0.437449395423755,0.396424649981782,0.782721446361393,0.255738951032981,0.474006684031337
6,0.969093159073964,0.560932069318369,0.366328059695661,0.71716537582688,0.235567783238366
1,0.10864773648791,0.61381164053455,0.016070228535682,0.739325066562742,0.632549247238785
10,0.761445658747107,0.149274653056636,0.795575216878206,0.595630425028503,0.632473843405023
8,0.503138571046293,0.0144975907169282,0.761532100383192,0.187479684595019,0.675471853697672
0,0.680360198020935,0.960945567581803,0.267394567606971,0.639287084341049,0.401945735793561
3,0.414008566876873,0.637235172325745,0.703150558751076,0.851374363293871,0.383531889645383
5,0.531720034778118,0.76290263957344,0.85448476485908,0.461056406842545,0.880136218387634
5,0.516482028411701,0.177927836077288,0.58152125380002,0.151911425637081,0.134983724681661
1,0.233087137341499,0.870545277837664,0.202631331281736,0.896110370289534,0.430994406342506
3,0.647091494174674,0.870570450788364,0.760760203236714,0.361556010320783,0.957565057557076
1,0.402150706620887,0.530709327664226,0.550480796489865,0.279689489398152,0.250145403435454
5,0.771984697785228,0.979699978139251,0.137858442030847,0.672717739129439,0.580473879119381
2,0.267260157968849,0.318665023194626,0.939021383645013,0.551998381037265,0.750118352472782
0,0.258838987676427,0.484234667150304,0.778047206578776,0.236390918726102,0.494042655220255
7,0.762310920050368,0.607976058032364,0.663557482417673,0.479969877749681,0.551312684081495
0,0.397482662694529,0.513245488982648,0.224442770937458,0.359500688966364,0.489915083395317
2,0.215340834809467,0.633078749990091,0.963442900683731,0.853052533930168,0.953981477534398
3,0.637367352377623,0.403917582007125,0.264355196617544,0.818831742973998,0.257871768670157
2,0.0929669274482876,0.17647121543996,0.148959181969985,0.270160405198112,0.847899975953624
22,0.701110946480185,0.12306542089209,0.925076037878171,0.032827137503773,0.853128643706441
0,0.0247325475793332,0.999269700376317,0.513766997260973,0.954580777557567,0.741362168919295
13,0.960076855029911,0.237128993496299,0.654381558066234,0.555329200578853,0.0452929472085088
11,0.888243996771052,0.239586503943428,0.947171091800556,0.68884132290259,0.563334187259898
0,0.0664640218019485,0.75478629139252,0.844582709250972,0.673164032166824,0.949267579009756
4,0.365403415169567,0.497063342481852,0.962567616021261,0.699550120625645,0.346970178186893
4,0.571902121184394,0.475666593993083,0.826471781125292,0.366394252283499,0.0558196071069688
0,0.152112349867821,0.653483853675425,0.391070775687695,0.819355695741251,0.548545646946877
1,0.209611679427326,0.615006704349071,0.368102910462767,0.283101365435869,0.0789415824692696
3,0.626915739150718,0.461499561788514,0.984077953733504,0.720794398570433,0.265302588930354
8,0.566569771850482,0.623343893093988,0.283320476068184,0.12193263717927,0.845349915325642
4,0.714177682297304,0.393426017137244,0.375324134482071,0.403690455248579,0.429152792319655
3,0.611815729411319,0.791788341011852,0.868445846484974,0.561523973708972,0.235726297600195
12,0.549523942638189,0.061894713435322,0.342710336204618,0.0753635533619672,0.470265749609098
0,0.187223660061136,0.462839850457385,0.35409757331945,0.678914722986519,0.0858102773781866
0,0.359381752088666,0.516307353274897,0.534221278037876,0.949473134474829,0.829355400288478
6,0.90593833127059,0.168315366841853,0.413469188846648,0.583411409519613,0.643658465938643
3,0.243618898559362,0.187184375245124,0.503437858540565,0.964499443303794,0.80671378900297
3,0.570899986196309,0.639711716212332,0.868702701060101,0.625468405429274,0.367579512298107
0,0.355167053872719,0.265725618693978,0.416462452383712,0.864754547132179,0.899618758354336
4,0.404637107625604,0.81066913716495,0.0788558945059776,0.322021182626486,0.837941190693527
1,0.200236595235765,0.440987231908366,0.103145765606314,0.386382444528863,0.841153462184593
4,0.618689484661445,0.745568873127922,0.363879266660661,0.236736627062783,0.0460535089951009
0,0.0757394046522677,0.861621801741421,0.50698480126448,0.339989761589095,0.508962467312813
1,0.0284721259959042,0.84817326720804,0.0170028395950794,0.596506874775514,0.137545288773254
5,0.401422631228343,0.209276012144983,0.835295340744779,0.271214160136878,0.760868590557948
1,0.116277072578669,0.97697706753388,0.928708591265604,0.815466014901176,0.859552998095751
1,0.310688214143738,0.722857190761715,0.277570758247748,0.25509164785035,0.0596840183716267
5,0.884242097614333,0.307507523568347,0.0863094264641404,0.683210508199409,0.890559183666483
19,0.865505233407021,0.132822605315596,0.570498252753168,0.0348830183502287,0.0074714703951031
5,0.7429554767441,0.247303410433233,0.0883206469006836,0.790294995298609,0.315363187342882
3,0.77026976714842,0.327533022733405,0.203547141281888,0.822989929234609,0.274334472138435
7,0.635715099982917,0.0754834420513362,0.801243632333353,0.474851188715547,0.207585888681933
1,0.342443017056212,0.402314671082422,0.805486370576546,0.235493581742048,0.569617819972336
5,0.672166603151709,0.684464633930475,0.63214097218588,0.864140223013237,0.547616752795875
12,0.532543047331274,0.199615236604586,0.718045927817002,0.0415643923915923,0.549749669851735
7,0.761779599357396,0.735405178042129,0.341023294720799,0.47989883297123,0.263479945482686
5,0.149488599970937,0.2706903971266,0.91518080746755,0.428278620820493,0.0168274033349007
1,0.0328934083227068,0.0756891306955367,0.385204914025962,0.38703159801662,0.40695460815914
9,0.916328139370307,0.422078076051548,0.575218994170427,0.169496183516458,0.92316828481853
4,0.618478768039495,0.91157643054612,0.868390326853842,0.939941052347422,0.0190034885890782
5,0.574626324698329,0.0339006504509598,0.501018538838252,0.636142838746309,0.397077035391703
5,0.671563756885007,0.504269467433915,0.772164026042446,0.857811345951632,0.313822659896687
2,0.280586883425713,0.259372954489663,0.526828475529328,0.589086551917717,0.232076598796993
0,0.203621391905472,0.794743509031832,0.950207164045423,0.915206579491496,0.243744223611429
9,0.773468724451959,0.119320052908733,0.528904609614983,0.523062564432621,0.613700749119744
10,0.879408282227814,0.169266200391576,0.83186698704958,0.69317838200368,0.936848638113588
7,0.803976837312803,0.581670256797224,0.519399783341214,0.36955919675529,0.439208324300125
3,0.509070514468476,0.0644945269450545,0.442662438843399,0.927172621944919,0.619790673488751
1,0.0359502211213112,0.025122593389824,0.177684718742967,0.486887722741812,0.485074337106198
2,0.452257171273232,0.510896919295192,0.933999882545322,0.564410645049065,0.369352681795135
2,0.348276751115918,0.256840424146503,0.131835039472207,0.144908818416297,0.349879612913355
3,0.046354518737644,0.531210342654958,0.450614039553329,0.11570781073533,0.645670410012826
13,0.744113739812747,0.060853915521875,0.503845532657579,0.724443650571629,0.153693362604827
1,0.211762418271974,0.432138877455145,0.390574725344777,0.977446793345734,0.495764195686206
0,0.040923226159066,0.542774800444022,0.360617306549102,0.62742051994428,0.0671307905577123
3,0.43393699079752,0.649369163671508,0.0672737453132868,0.623005244880915,0.692114339908585
2,0.21614466723986,0.256571302656084,0.282718492439017,0.910462986677885,0.77850464778021
4,0.294164231978357,0.242261457722634,0.668837797362357,0.590493750059977,0.652424061205238
5,0.782110893866047,0.269886096240953,0.772707324707881,0.927944055991247,0.329880344681442
2,0.503908892394975,0.648176341084763,0.40367356617935,0.965714113088325,0.954251721734181
0,0.188646237365901,0.238129766890779,0.277435269206762,0.818183872848749,0.497526448918507
2,0.0214554381091148,0.576063513988629,0.555165474768728,0.0405249858740717,0.579726511612535
4,0.76050715520978,0.319737509824336,0.372407460119575,0.993671280099079,0.436912651872262
7,0.702507823007181,0.890782501548529,0.263387376675382,0.580964519875124,0.270836638985202
6,0.565957048442215,0.679803011240438,0.329034957801923,0.374430516501889,0.969654166372493
0,0.153351890854537,0.84353956556879,0.201222409494221,0.577110699145123,0.944353124359623
4,0.453937171725556,0.669034610735252,0.85657737753354,0.342008981853724,0.120253667701036
2,0.400826906552538,0.0429369723424315,0.107548497384414,0.861068232683465,0.484718098537996
4,0.466399347642437,0.262748195556924,0.195912582566962,0.0541580920107663,0.757649849867448
1,0.0142715093679726,0.161431376123801,0.324326853267848,0.202113089617342,0.545064523816109
0,0.0166451449040323,0.413552852813154,0.957986636320129,0.432699646567926,0.786239393055439
2,0.143666182179004,0.175405107904226,0.897258167620748,0.927180372411385,0.0640520234592259
7,0.856708671199158,0.475237122736871,0.667165017221123,0.980270387139171,0.850913795176893
6,0.341727612074465,0.517963213846087,0.981561759253964,0.774203552631661,0.369167312048376
6,0.886483321897686,0.169642063556239,0.199637545272708,0.186638903571293,0.106039255158976
3,0.356500957626849,0.065771128050983,0.397171103628352,0.179735985118896,0.135589272715151
5,0.676569958217442,0.374955468578264,0.614184839185327,0.654048589291051,0.949153144378215
4,0.185929501662031,0.204603247344494,0.603523111902177,0.227672566194087,0.567851601401344
1,0.471973140956834,0.638349922839552,0.27499554050155,0.777009634301066,0.0221741292625666
3,0.505137203494087,0.812345782760531,0.135714037809521,0.792235351866111,0.641421768348664
4,0.268730522366241,0.974330867175013,0.687961016315967,0.924067877000198,0.362280688947067
8,0.959246949059889,0.742232609307393,0.464199643116444,0.0924789786804467,0.0949867269955575
0,0.365343086188659,0.4689540930558,0.807722267694771,0.3391556260176,0.120248154969886
0,0.694973458303139,0.93218858120963,0.443369894521311,0.3088481745217,0.273218598216772
7,0.935200952226296,0.681731286924332,0.114794746274129,0.645911261439323,0.63025933271274
9,0.850244325352833,0.369574872078374,0.770843264181167,0.732124411966652,0.66967153782025
1,0.082431512651965,0.432748676044866,0.680105796549469,0.259205660317093,0.280259912600741
1,0.0746408910490572,0.00712265959009528,0.52435928909108,0.928064918844029,0.662164982408285
8,0.649209528928623,0.311378537211567,0.142521244706586,0.0338165943976492,0.974733321461827
0,0.359360475093126,0.966067717410624,0.416758297942579,0.333418986527249,0.994387071114033
2,0.321115592261776,0.770235560834408,0.171681517735124,0.793849240522832,0.785953155951574
6,0.616432247916237,0.506834672298282,0.491543266922235,0.812432756181806,0.888318486511707
0,0.258299844805151,0.696871458785608,0.138976359507069,0.742577874101698,0.0461975950747728
5,0.938272260595113,0.448444515932351,0.375010394491255,0.32024814398028,0.031950801378116
3,0.735659881494939,0.36252907034941,0.169506283244118,0.576837761793286,0.779338097199798
1,0.226590668549761,0.143327826168388,0.187079937197268,0.289044635603204,0.310271019581705
5,0.713865051744506,0.953355432488024,0.858084524981678,0.512576241511852,0.918289682362229
6,0.632926835678518,0.287888563238084,0.860176558839157,0.997191343689337,0.530092977918684
0,0.052095792721957,0.389351966790855,0.647405080264434,0.739382609724998,0.388094430789351
0,0.0177407742012292,0.805127488449216,0.0298884250223637,0.708824790781364,0.166601430391893
3,0.823774454882368,0.608966402942315,0.855826688464731,0.953540479764342,0.0202928229700774
4,0.330814972519875,0.728718510363251,0.514474485768005,0.485178719973192,0.924933762056753
1,0.341209121746942,0.119429734069854,0.334977512713522,0.85481930966489,0.904159985249862
0,0.291572089539841,0.270218486431986,0.232277659699321,0.154870057245716,0.659300876548514
8,0.793138297973201,0.082919035339728,0.841954942792654,0.912918202811852,0.887966038193554
0,0.206384263932705,0.560880140634254,0.71435404359363,0.43001326196827,0.401964959455654
5,0.67658873135224,0.689192279241979,0.450127195334062,0.608627582667395,0.798863469390199
0,0.187403992982581,0.0162319683004171,0.154854148393497,0.776189872529358,0.0292867983225733
1,0.0781968079973012,0.75173710542731,0.431158811086789,0.687519220169634,0.447333477903157
0,0.117836601566523,0.711003596428782,0.733951993053779,0.774503028020263,0.0562694661784917
3,0.350075500318781,0.493689530063421,0.309436790877953,0.259948243852705,0.752231747610494
0,0.382259899983183,0.263630139641464,0.785598650807515,0.992555714445189,0.576803421135992
4,0.864742915146053,0.19241574103944,0.0416892403736711,0.777138615492731,0.0239711578469723
3,0.669667293783277,0.977504382608458,0.283459350699559,0.570992002030835,0.0899262910243124
0,0.077112210681662,0.834216884104535,0.406479370780289,0.670164057053626,0.860090270871297
6,0.650769455125555,0.233936136588454,0.71361684682779,0.0999019334558398,0.484861256321892
4,0.557412118185312,0.666540049482137,0.703471856191754,0.705197148257867,0.121637048432603
10,0.917733039241284,0.790081352926791,0.689756435109302,0.611597835319117,0.803109069587663
11,0.781472203088924,0.346066749189049,0.679601368261501,0.0174390119500458,0.063641719520092
8,0.87497343425639,0.513198878848925,0.326263108290732,0.569899662630633,0.57871772442013
3,0.271917684469372,0.208555606426671,0.0330473489593714,0.967624658485875,0.493474848102778
8,0.802929602563381,0.346392081351951,0.792738076997921,0.303556328639388,0.848820196930319
1,0.141496928874403,0.529736737720668,0.655528711853549,0.293883380945772,0.864979597507045
4,0.453776797046885,0.5733398264274,0.844274916220456,0.304655929328874,0.61112030223012
10,0.748379786266014,0.286120189353824,0.865873643197119,0.903353513218462,0.942666267743334
2,0.683034006739035,0.364279814530164,0.123014772776514,0.0159812977071851,0.507304440950975
9,0.977705256082118,0.299938679905608,0.202776029938832,0.81282765022479,0.0958794741891325
13,0.607065524440259,0.162591429660097,0.895499373087659,0.4706658013165,0.913080532336608
0,0.730521978344768,0.755594056099653,0.559972402406856,0.855867986567318,0.559178756084293
1,0.599240930983797,0.333038861164823,0.0708321835845709,0.952960238326341,0.148160700453445
6,0.766985295340419,0.371431414037943,0.366625166730955,0.414263318525627,0.0160096308682114
2,0.598732587881386,0.405498062027618,0.581882395083085,0.976604492636397,0.282327443594113
5,0.693196911131963,0.630408617435023,0.768342757830396,0.820833316305652,0.27267173724249
4,0.754122722195461,0.922519563697278,0.4022031808272,0.587906650500372,0.778352865483612
8,0.724201012169942,0.873403843026608,0.62337706447579,0.0392054228577763,0.99749044678174
3,0.90397620969452,0.843489778228104,0.101830756291747,0.224401494953781,0.886572697199881
2,0.336518325842917,0.641868843464181,0.206566491397098,0.774745950708166,0.289099409943447
2,0.182844767812639,0.870675411075354,0.518231577472761,0.0760562508367002,0.257525551365688
2,0.725668148836121,0.502379066310823,0.381134226452559,0.106837228406221,0.409344154642895
3,0.746319540776312,0.594774948898703,0.724315047031268,0.750334101729095,0.305112759815529
1,0.297989837592468,0.581249195616692,0.0186197732109576,0.0617706559132785,0.337244938826188
4,0.3529797939118,0.102226710645482,0.174868440022692,0.504784719320014,0.130584555212408
3,0.355380892986432,0.900513315107673,0.473877487704158,0.796552057377994,0.626387889264151
2,0.262224175734445,0.310768659925088,0.995728874346241,0.719015255337581,0.374013226479292
4,0.528363985009491,0.398785249330103,0.249332894571126,0.327049969229847,0.89302551234141
4,0.831540796207264,0.953996489290148,0.0448732846416533,0.155690194573253,0.65111466916278
1,0.229940877994522,0.759520230116323,0.756421053083614,0.720959794940427,0.0149876044597477
0,0.59695522999391,0.889551520347595,0.501906176097691,0.945443057455122,0.514987907838076
5,0.758101600920781,0.681341635528952,0.545800824649632,0.0234829639084637,0.0228263442404568
6,0.923427204601467,0.379753805231303,0.0254487786442041,0.589425595942885,0.244177765911445
2,0.781183161074296,0.548895244719461,0.436406264314428,0.630184030160308,0.759982446674258
2,0.467338673071936,0.786145480116829,0.343147836159915,0.0737443463876843,0.515409752260894
1,0.846484563546255,0.687149907462299,0.284708436112851,0.660610182909295,0.09312704205513
2,0.670269822236151,0.760460969060659,0.296348936855793,0.771400394383818,0.96415236662142
5,0.674204053590074,0.959614705527201,0.442690985277295,0.245571884093806,0.350207820069045
11,0.776155557483435,0.00576701806858182,0.523471561726183,0.746236223261803,0.904989107744768
7,0.812512717209756,0.132237666519359,0.217760927509516,0.270548401167616,0.0601165918633342
2,0.0927435096818954,0.594411977333948,0.398500972893089,0.426877244608477,0.53146631247364
7,0.920102850068361,0.861737432191148,0.483991075772792,0.0115369732957333,0.457621266366914
13,0.875492670573294,0.127277435734868,0.148056712234393,0.70178145985119,0.915551440557465
3,0.578572960570455,0.27363421372138,0.586627348093316,0.283627151278779,0.148693660739809
6,0.52152217621915,0.13304762612097,0.687816868303344,0.56067692139186,0.393235922558233
4,0.310797598678619,0.534189073136076,0.312355869915336,0.142026279354468,0.72341119684279
3,0.780977400485426,0.825273474212736,0.655174804385751,0.289181681349874,0.556387569289654
3,0.890499585075304,0.411129606654868,0.207976303528994,0.998180982656777,0.0170894148759544
3,0.713118528481573,0.868807652266696,0.0146283449139446,0.0685968205798417,0.812477045692503
0,0.224146886030212,0.567580239847302,0.847057242644951,0.4678102331236,0.842325335135683
3,0.442408402450383,0.200790229486302,0.657694519497454,0.283141565043479,0.42735710600391
8,0.790202918695286,0.15579753741622,0.305872838012874,0.427784676896408,0.592096830252558
6,0.730258982628584,0.857592955231667,0.654473879607394,0.625467082019895,0.859348376980051
2,0.244709305930883,0.379754956578836,0.183110237121582,0.842300140997395,0.983131616842002
0,0.246534664649516,0.241910422919318,0.0280485115945339,0.491222381358966,0.934955490287393
9,0.684541103662923,0.0624737511388958,0.635050539392978,0.746623081155121,0.296315923798829
4,0.675068890675902,0.510585314361379,0.977510327240452,0.170156406471506,0.886722764931619
3,0.0902131362818182,0.405958296731114,0.858459858922288,0.073201444465667,0.796976729528978
7,0.732794523006305,0.563231120584533,0.179527108557522,0.417471264488995,0.170428766636178
3,0.277594285085797,0.7058879614342,0.832981946412474,0.124261780176312,0.624666322255507
2,0.292943198233843,0.478877859655768,0.115752642974257,0.254032923141494,0.695723390905187
10,0.897786192828789,0.670703808777034,0.379439051263034,0.197263636626303,0.349709704751149
5,0.811153180198744,0.862099858466536,0.700448836199939,0.369392577558756,0.0854060831479728
0,0.0246017370373011,0.656102115754038,0.270746937952936,0.865335570182651,0.219337571412325
10,0.84385463851504,0.428057897370309,0.31211850210093,0.787966864416376,0.494696379173547
2,0.102501054992899,0.499863685807213,0.581470757257193,0.812766255112365,0.793893985915929
0,0.00182269257493317,0.937921063276008,0.216405493207276,0.30722459545359,0.253331215819344
0,0.241237706970423,0.555663262726739,0.730115306796506,0.323044027434662,0.374172582291067
1,0.214471968589351,0.846512580988929,0.436783912358806,0.968276873696595,0.361121986992657
4,0.881116562290117,0.390476850327104,0.460443112999201,0.369248328497633,0.295274910982698
4,0.496091738576069,0.549047576962039,0.794609266100451,0.10644221608527,0.633121739607304
1,0.0717950495891273,0.810979230096564,0.14717421378009,0.124659109162167,0.13206309103407
6,0.931419828673825,0.810282836202532,0.0966622452251613,0.573901603929698,0.350626254687086
10,0.947806828189641,0.595848869299516,0.434825623175129,0.404665223555639,0.861246504122391
0,0.13476588902995,0.846533481264487,0.734423194313422,0.646941104205325,0.928348037879914
1,0.564955930691212,0.927520903758705,0.0901559356134385,0.885090850060806,0.618959691375494
16,0.893206672277302,0.209548481740057,0.932827885262668,0.298282016301528,0.478968335781246
3,0.700892090331763,0.746181439608335,0.29872498777695,0.197058419696987,0.229794847546145
5,0.843896894017234,0.328656755387783,0.577852515270934,0.128279778873548,0.63286398164928
5,0.877673604525626,0.647860798286274,0.300347395706922,0.832733070245013,0.282801967579871
1,0.594630795996636,0.907805254450068,0.740757739637047,0.281194968381897,0.0126922719646245
18,0.967032806016505,0.251256156247109,0.435077960602939,0.0672434158623219,0.854222950991243
5,0.390085577731952,0.393262017983943,0.390913545852527,0.388373707188293,0.0730536358896643
3,0.154770659981295,0.313479111064225,0.692849466577172,0.289421839406714,0.146039871964604
2,0.38787616789341,0.74957527173683,0.939623123034835,0.153925600927323,0.403268905356526
0,0.241223541786894,0.231269320007414,0.249149050563574,0.222952270647511,0.134932038374245
5,0.689428405836225,0.844170869095251,0.472640875494108,0.115215195342898,0.982896564994007
7,0.823909115046263,0.72755454480648,0.455735058756545,0.772817196557298,0.157033920055255
6,0.711300828959793,0.484423639951274,0.969990418292582,0.450798972276971,0.696531588677317
1,0.304314295994118,0.573702537454665,0.281117167323828,0.623941358644515,0.944770910544321
8,0.789085921365768,0.464419612893835,0.554230220848694,0.520917997229844,0.219724065857008
11,0.933767986018211,0.676515201339498,0.76693509798497,0.154648324241862,0.995251716813073
2,0.610343273961917,0.645553411683068,0.342789336340502,0.469606039114296,0.151288257213309
2,0.12494881846942,0.136155290761963,0.923402654007077,0.719350818311796,0.469752177828923
5,0.888189782621339,0.912216496886685,0.161932051181793,0.696792268427089,0.350255735917017
2,0.128261749632657,0.499791342765093,0.292426750762388,0.424258261686191,0.302021726034582
11,0.979241942055523,0.481277520768344,0.840200804173946,0.704046295722947,0.369037337368354
14,0.966348894173279,0.0916345166042447,0.653741682181135,0.329690817277879,0.457980262348428
10,0.957085127709433,0.489471114939079,0.853169945301488,0.919645946705714,0.178184259682894
4,0.752339427825063,0.646701839519665,0.984420696040615,0.550901604583487,0.323159060906619
2,0.382452204357833,0.764854680281132,0.292690162546933,0.0411662973929197,0.41564730531536
6,0.813158771488816,0.568330210633576,0.369045735802501,0.0394699801690876,0.0238111852668226
4,0.385166339343414,0.327213817741722,0.0412480854429305,0.54646733100526,0.926860123872757
1,0.280340021243319,0.115320459706709,0.583511763485149,0.896678622579202,0.590263711521402
1,0.220994246425107,0.615986297605559,0.517730525229126,0.469471317483112,0.524981784867123
